season,team_id,historical_team_id,team_name,player_id,canonical_player_id,historical_player_id,player_name,canonical_player_name,player_url,r,player,col_3,tm,g,ab,r_2,h,1b,2b,3b,hr,rbi,tbb,avg,obp,slg,kc,ks,k,bb,ibb,sf,hrfrq,3avg,tb,ab_r,hits,avg_rsp,on_b,dp_h,rc,ta,lo,fo,go,fc,cont,hs,lob,obs,lq,pa,ops,obpe,trend,s_avg,obe,fiel,h2l,h2c,h2r,avg2,row_quality,validation_reasons,manual_review_action,manual_review_notes,stats_display_allowed
2025,2025_shamrock_shrooms,shamrock_shrooms,SHAMROCK SHROOMS,2025_shamrock_shrooms_sub,sub,sub,sub,SUB,https://www.turbostatsevents.com/site/2/stats/softball/lvc/valhalla2025_SHAMROCK SHROOMS?player=sub,1,sub,99,,1,6,4,5,3,2,0,0,3,0,833,833,1167,0,0,0,0,0,0,0.00,833,7,3,3,1000,0,0,5.83,7.00,0,0,0,1,1000,1,0,2000,944,,,,,,,,,,,,rejected,sub_placeholder,,,no
2025,2025_unfortunate_sons,unfortunate_sons,UNFORTUNATE SONS,2025_unfortunate_sons_sub_spoto,sub_spoto,sub_spoto,sub spoto,SUB SPOTO,https://www.turbostatsevents.com/site/2/stats/softball/lvc/valhalla2025_UNFORTUNATE SONS?player=sub_spoto,2,sub spoto,22,,1,5,3,4,4,0,0,0,0,0,800,800,800,0,0,0,0,0,0,0.00,800,4,1,1,1000,0,0,3.20,4.00,0,0,1,0,1000,1,0,1600,800,,,,,,,,,,,,rejected,sub_placeholder,,,no
2025,2025_dazed_and_confused,dazed_and_confused,DAZED AND CONFUSED,2025_dazed_and_confused_sub_mal,sub_mal,sub_mal,sub Mal,SUB MAL,https://www.turbostatsevents.com/site/2/stats/softball/lvc/valhalla2025_DAZED AND CONFUSED?player=sub_Mal,4,sub Mal,98,,1,4,1,3,2,0,1,0,2,0,750,750,1250,0,0,0,0,0,0,0.00,750,5,1,1,1000,0,0,3.75,5.00,0,1,0,0,1000,1,0,2000,917,,,,,,,,,,,,rejected,sub_placeholder,,,no
2025,2025_beasts_of_burden,beasts_of_burden,BEASTS OF BURDEN,2025_beasts_of_burden_sub_spoto,sub_spoto,sub_spoto,Sub spoto,SUB SPOTO,https://www.turbostatsevents.com/site/2/stats/softball/lvc/valhalla2025_BEASTS OF BURDEN?player=Sub_spoto,77,Sub spoto,8,,1,4,0,2,2,0,0,0,1,0,500,500,500,0,0,0,0,0,0,0.00,500,2,2,1,500,0,0,1.00,1.00,0,2,0,0,1000,1,2,1000,500,,,,,,,,,,,,rejected,sub_placeholder,,,no
2025,2025_dark_side,dark_side,DARK SIDE,2025_dark_side_sub_auerbach,sub_auerbach,sub_auerbach,sub auerbach,SUB AUERBACH,https://www.turbostatsevents.com/site/2/stats/softball/lvc/valhalla2025_DARK SIDE?player=sub_auerbach,80,sub auerbach,0,,1,4,2,2,2,0,0,0,1,0,500,500,500,0,0,0,0,0,0,0.00,500,2,2,1,500,0,0,1.00,1.00,0,0,0,2,1000,1,0,1000,500,,,,,,,,,,,,rejected,sub_placeholder,,,no
2025,2025_dead_co,dead_co,DEAD & CO,2025_dead_co_sub_dave,sub_dave,sub_dave,sub dave,SUB DAVE,https://www.turbostatsevents.com/site/2/stats/softball/lvc/valhalla2025_DEAD &amp; CO?player=sub_dave,82,sub dave,71,,1,4,2,2,1,0,1,0,0,0,500,500,1000,0,0,0,0,0,0,0.00,500,4,1,0,0,0,0,2.00,2.00,0,1,1,0,1000,1,0,1500,667,,,,,,,,,,,,rejected,sub_placeholder,,,no
2025,2025_grateful_dead,grateful_dead,GRATEFUL DEAD,2025_grateful_dead_sub_m,sub_m,sub_m,Sub M,SUB M,https://www.turbostatsevents.com/site/2/stats/softball/lvc/valhalla2025_GRATEFUL DEAD?player=Sub_M,84,Sub M,96,,1,4,1,2,2,0,0,0,0,0,500,500,500,0,0,0,0,0,0,0.00,500,2,2,1,500,1,0,1.00,1.00,0,1,0,0,1000,1,0,1000,500,,,,,,,,,,,,rejected,sub_placeholder,,,no
2025,2025_dark_side,dark_side,DARK SIDE,2025_dark_side_sub,sub,sub,Sub,SUB,https://www.turbostatsevents.com/site/2/stats/softball/lvc/valhalla2025_DARK SIDE?player=Sub,121,Sub,99,,2,7,2,3,3,0,0,0,0,0,429,429,429,0,1,1,0,0,0,0.00,429,3,1,0,0,0,0,1.29,0.75,1,1,0,1,857,2,4,857,429,,,,,,,,,,,,rejected,sub_placeholder,,,no
2025,2025_beasts_of_burden,beasts_of_burden,BEASTS OF BURDEN,2025_beasts_of_burden_sub_max,sub_max,sub_max,sub Max,SUB MAX,https://www.turbostatsevents.com/site/2/stats/softball/lvc/valhalla2025_BEASTS OF BURDEN?player=sub_Max,152,sub Max,77,,2,8,2,3,3,0,0,0,2,0,375,375,375,1,0,1,0,0,0,0.00,375,3,4,2,500,0,0,1.13,0.60,0,2,1,1,875,2,2,750,375,,,,,,,,,,,,rejected,sub_placeholder,,,no
2025,2025_dark_side,dark_side,DARK SIDE,2025_dark_side_sub_m,sub_m,sub_m,Sub M,SUB M,https://www.turbostatsevents.com/site/2/stats/softball/lvc/valhalla2025_DARK SIDE?player=Sub_M,168,Sub M,98,,1,6,0,2,2,0,0,0,0,0,333,333,333,0,0,0,0,0,0,0.00,333,2,2,1,500,1,0,0.67,0.50,0,0,1,2,1000,1,0,667,333,,,,,,,,,,,,rejected,sub_placeholder,,,no
2025,2025_grateful_dead,grateful_dead,GRATEFUL DEAD,2025_grateful_dead_sub_mal,sub_mal,sub_mal,sub mal,SUB MAL,https://www.turbostatsevents.com/site/2/stats/softball/lvc/valhalla2025_GRATEFUL DEAD?player=sub_mal,170,sub mal,29,,1,6,3,2,2,0,0,0,2,0,333,333,333,0,0,0,0,0,0,0.00,333,2,4,2,500,2,0,0.67,0.50,0,0,2,0,1000,1,0,667,333,,,,,,,,,,,,rejected,sub_placeholder,,,no
2025,2025_grateful_dead,grateful_dead,GRATEFUL DEAD,2025_grateful_dead_sub_vic,sub_vic,sub_vic,Sub Vic,SUB VIC,https://www.turbostatsevents.com/site/2/stats/softball/lvc/valhalla2025_GRATEFUL DEAD?player=Sub_Vic,171,Sub Vic,99,,1,3,1,1,0,0,1,0,0,0,333,333,1000,0,0,0,0,0,0,0.00,333,3,0,0,0,0,0,1.00,1.50,0,0,2,0,1000,1,0,1333,556,,,,,,,,,,,,rejected,sub_placeholder,,,no
2025,2025_the_animals,the_animals,THE ANIMALS,2025_the_animals_sub_spoto,sub_spoto,sub_spoto,Sub Spoto,SUB SPOTO,https://www.turbostatsevents.com/site/2/stats/softball/lvc/valhalla2025_THE ANIMALS?player=Sub_Spoto,175,Sub Spoto,0,,1,3,0,1,1,0,0,0,1,1,333,500,333,0,0,0,1,0,0,0.00,333,1,1,0,0,0,0,0.63,1.00,0,1,1,0,1000,1,0,833,444,,,,,,,,,,,,rejected,sub_placeholder,,,no
2025,2025_the_trippers,the_trippers,THE TRIPPERS,2025_the_trippers_sub,sub,sub,Sub,SUB,https://www.turbostatsevents.com/site/2/stats/softball/lvc/valhalla2025_THE TRIPPERS?player=Sub,176,Sub,98,,2,6,2,2,2,0,0,0,2,0,333,333,333,0,0,0,0,0,0,0.00,333,2,4,1,250,0,0,0.67,0.50,0,1,1,2,1000,2,3,667,333,,,,,,,,,,,,rejected,sub_placeholder,,,no
2025,2025_beasts_of_burden,beasts_of_burden,BEASTS OF BURDEN,2025_beasts_of_burden_sub_rick_beyey,sub_rick_beyey,sub_rick_beyey,sub Rick Beyey,SUB RICK BEYEY,https://www.turbostatsevents.com/site/2/stats/softball/lvc/valhalla2025_BEASTS OF BURDEN?player=sub_Rick_Beyey,194,sub Rick Beyey,66,,1,4,1,1,1,0,0,0,0,0,250,250,250,0,0,0,0,0,0,0.00,250,1,2,0,0,0,1,0.00,0.25,0,2,0,0,1000,1,1,500,250,,,,,,,,,,,,rejected,sub_placeholder,,,no
2025,2025_beasts_of_burden,beasts_of_burden,BEASTS OF BURDEN,2025_beasts_of_burden_sub_joey_beyer,sub_joey_beyer,sub_joey_beyer,Sub Joey beyer,SUB JOEY BEYER,https://www.turbostatsevents.com/site/2/stats/softball/lvc/valhalla2025_BEASTS OF BURDEN?player=Sub_Joey_beyer,195,Sub Joey beyer,8,,1,4,0,1,1,0,0,0,0,0,250,250,250,0,0,0,0,0,0,0.00,250,1,1,0,0,0,0,0.25,0.33,0,3,0,0,1000,1,1,500,250,,,,,,,,,,,,rejected,sub_placeholder,,,no
2025,2025_dark_side,dark_side,DARK SIDE,2025_dark_side_sub_smith,sub_smith,sub_smith,sub smith,SUB SMITH,https://www.turbostatsevents.com/site/2/stats/softball/lvc/valhalla2025_DARK SIDE?player=sub_smith,197,sub smith,1,,1,4,0,1,1,0,0,0,0,0,250,250,250,0,0,0,0,0,0,0.00,250,1,3,0,0,0,0,0.25,0.33,0,2,0,1,1000,1,1,500,250,,,,,,,,,,,,rejected,sub_placeholder,,,no
2025,2025_dazed_and_confused,dazed_and_confused,DAZED AND CONFUSED,2025_dazed_and_confused_sub_auerbach,sub_auerbach,sub_auerbach,sub Auerbach,SUB AUERBACH,https://www.turbostatsevents.com/site/2/stats/softball/lvc/valhalla2025_DAZED AND CONFUSED?player=sub_Auerbach,199,sub Auerbach,99,,1,4,1,1,1,0,0,0,0,0,250,250,250,0,0,0,0,0,0,0.00,250,1,1,0,0,0,0,0.25,0.33,0,1,2,0,1000,1,2,500,250,,,,,,,,,,,,rejected,sub_placeholder,,,no
2025,2025_dazed_and_confused,dazed_and_confused,DAZED AND CONFUSED,2025_dazed_and_confused_sub_g_auerbach,sub_g_auerbach,sub_g_auerbach,sub G Auerbach,SUB G AUERBACH,https://www.turbostatsevents.com/site/2/stats/softball/lvc/valhalla2025_DAZED AND CONFUSED?player=sub_G_Auerbach,200,sub G Auerbach,10,,1,4,1,1,1,0,0,0,0,0,250,250,250,0,0,0,0,0,0,0.00,250,1,1,1,1000,0,0,0.25,0.33,0,2,1,0,1000,1,0,500,250,,,,,,,,,,,,rejected,sub_placeholder,,,no
2025,2025_riders_on_the_storm,riders_on_the_storm,RIDERS ON THE STORM,2025_riders_on_the_storm_sub_o_brien,sub_o_brien,sub_o_brien,sub O'Brien,SUB O BRIEN,https://www.turbostatsevents.com/site/2/stats/softball/lvc/valhalla2025_RIDERS ON THE STORM?player=sub_O'Brien,201,sub O'Brien,99,,1,4,1,1,1,0,0,0,0,0,250,250,250,0,0,0,0,0,0,0.00,250,1,3,1,333,0,0,0.25,0.33,0,1,0,2,1000,1,0,500,250,,,,,,,,,,,,rejected,sub_placeholder,,,no
2025,2025_wharf_rats,wharf_rats,WHARF RATS,2025_wharf_rats_sub_joey_beyer,sub_joey_beyer,sub_joey_beyer,sub Joey Beyer,SUB JOEY BEYER,https://www.turbostatsevents.com/site/2/stats/softball/lvc/valhalla2025_WHARF RATS?player=sub_Joey_Beyer,202,sub Joey Beyer,69,,1,4,0,1,1,0,0,0,1,0,250,250,250,0,0,0,0,0,0,0.00,250,1,3,1,333,0,0,0.25,0.33,0,0,3,0,1000,1,0,500,250,,,,,,,,,,,,rejected,sub_placeholder,,,no
2025,2025_wharf_rats,wharf_rats,WHARF RATS,2025_wharf_rats_sub_spoto,sub_spoto,sub_spoto,Sub Spoto,SUB SPOTO,https://www.turbostatsevents.com/site/2/stats/softball/lvc/valhalla2025_WHARF RATS?player=Sub_Spoto,203,Sub Spoto,99,,1,4,0,1,1,0,0,0,1,0,250,250,250,0,0,0,0,0,0,0.00,250,1,3,1,333,0,0,0.25,0.33,0,2,1,0,1000,1,2,500,250,,,,,,,,,,,,rejected,sub_placeholder,,,no
2025,2025_dark_side,dark_side,DARK SIDE,2025_dark_side_sub_ma,sub_ma,sub_ma,Sub MA,SUB MA,https://www.turbostatsevents.com/site/2/stats/softball/lvc/valhalla2025_DARK SIDE?player=Sub_MA,207,Sub MA,95,,1,5,0,1,1,0,0,0,0,0,200,200,200,0,0,0,0,0,0,0.00,200,1,3,0,0,1,0,0.20,0.25,0,0,2,1,1000,1,0,400,200,,,,,,,,,,,,rejected,sub_placeholder,,,no
2025,2025_dark_side,dark_side,DARK SIDE,2025_dark_side_sub_sp,sub_sp,sub_sp,Sub Sp,SUB SP,https://www.turbostatsevents.com/site/2/stats/softball/lvc/valhalla2025_DARK SIDE?player=Sub_Sp,208,Sub Sp,97,,1,5,1,1,1,0,0,0,0,0,200,200,200,0,1,1,0,0,0,0.00,200,1,1,0,0,0,0,0.20,0.25,0,0,3,0,800,1,2,400,200,,,,,,,,,,,,rejected,sub_placeholder,,,no
2025,2025_grateful_dead,grateful_dead,GRATEFUL DEAD,2025_grateful_dead_sub,sub,sub,Sub,SUB,https://www.turbostatsevents.com/site/2/stats/softball/lvc/valhalla2025_GRATEFUL DEAD?player=Sub,211,Sub,99,,2,7,3,1,1,0,0,0,1,1,143,250,143,0,1,1,1,0,0,0.00,143,1,3,1,333,2,0,0.45,0.50,0,1,1,1,857,0,3,393,224,,,,,,,,,,,,rejected,sub_placeholder,,,no
2025,2025_dark_side,dark_side,DARK SIDE,2025_dark_side_sub_rozell,sub_rozell,sub_rozell,SUB ROZELL,SUB ROZELL,https://www.turbostatsevents.com/site/2/stats/softball/lvc/valhalla2025_DARK SIDE?player=SUB_ROZELL,216,SUB ROZELL,99,,1,4,0,0,0,0,0,0,0,0,0,0,0,0,1,1,0,0,0,0.00,0,0,3,0,0,0,0,0.00,0.00,0,1,2,0,750,0,8,0,0,,,,,,,,,,,,rejected,sub_placeholder,,,no
2025,2025_dark_side,dark_side,DARK SIDE,2025_dark_side_sub_k,sub_k,sub_k,Sub K,SUB K,https://www.turbostatsevents.com/site/2/stats/softball/lvc/valhalla2025_DARK SIDE?player=Sub_K,217,Sub K,96,,1,5,0,0,0,0,0,0,1,0,0,0,0,0,1,1,0,0,0,0.00,0,0,4,0,0,0,0,0.00,0.00,0,2,1,1,800,0,5,0,0,,,,,,,,,,,,rejected,sub_placeholder,,,no
2025,2025_dead_co,dead_co,DEAD & CO,2025_dead_co_sub_quinn,sub_quinn,sub_quinn,sub Quinn,SUB QUINN,https://www.turbostatsevents.com/site/2/stats/softball/lvc/valhalla2025_DEAD &amp; CO?player=sub_Quinn,218,sub Quinn,71,,1,0,0,0,0,0,0,0,0,0,0,0,0,0,0,0,0,0,0,0.00,0,0,0,0,0,0,0,0.00,0.00,0,0,0,0,0,0,0,0,0,,,,,,,,,,,,rejected,sub_placeholder,,,no
2025,2025_dead_co,dead_co,DEAD & CO,2025_dead_co_sub_2,sub_2,sub_2,sub 2,SUB 2,https://www.turbostatsevents.com/site/2/stats/softball/lvc/valhalla2025_DEAD &amp; CO?player=sub_2,219,sub 2,0,,1,2,0,0,0,0,0,0,0,0,0,0,0,0,0,0,0,0,0,0.00,0,0,0,0,0,0,0,0.00,0.00,0,1,1,0,1000,0,0,0,0,,,,,,,,,,,,rejected,sub_placeholder,,,no
2025,2025_shamrock_shrooms,shamrock_shrooms,SHAMROCK SHROOMS,2025_shamrock_shrooms_sub_chris,sub_chris,sub_chris,sub chris,SUB CHRIS,https://www.turbostatsevents.com/site/2/stats/softball/lvc/valhalla2025_SHAMROCK SHROOMS?player=sub_chris,222,sub chris,99,,1,1,0,0,0,0,0,0,0,0,0,0,0,0,0,0,0,0,0,0.00,0,0,1,0,0,0,0,0.00,0.00,0,0,0,1,1000,0,0,0,0,,,,,,,,,,,,rejected,sub_placeholder,,,no
2025,2025_the_animals,the_animals,THE ANIMALS,2025_the_animals_sub,sub,sub,Sub,SUB,https://www.turbostatsevents.com/site/2/stats/softball/lvc/valhalla2025_THE ANIMALS?player=Sub,223,Sub,0,,0,0,0,0,0,0,0,0,0,0,0,0,0,0,0,0,0,0,0,0.00,0,0,0,0,0,0,0,0.00,0.00,0,0,0,0,0,0,0,0,0,,,,,,,,,,,,rejected,sub_placeholder,,,no
2025,2025_the_trippers,the_trippers,THE TRIPPERS,2025_the_trippers_sub_beyer,sub_beyer,sub_beyer,Sub Beyer,SUB BEYER,https://www.turbostatsevents.com/site/2/stats/softball/lvc/valhalla2025_THE TRIPPERS?player=Sub_Beyer,224,Sub Beyer,98,,1,2,0,0,0,0,0,0,0,0,0,0,0,0,0,0,0,0,0,0.00,0,0,0,0,0,0,0,0.00,0.00,0,1,1,0,1000,0,2,0,0,,,,,,,,,,,,rejected,sub_placeholder,,,no
2025,2025_the_trippers,the_trippers,THE TRIPPERS,2025_the_trippers_sub_mark,sub_mark,sub_mark,Sub Mark,SUB MARK,https://www.turbostatsevents.com/site/2/stats/softball/lvc/valhalla2025_THE TRIPPERS?player=Sub_Mark,225,Sub Mark,97,,1,2,0,0,0,0,0,0,0,0,0,0,0,0,0,0,0,0,0,0.00,0,0,0,0,0,0,0,0.00,0.00,0,1,1,0,1000,0,0,0,0,,,,,,,,,,,,rejected,sub_placeholder,,,no
2025,2025_unfortunate_sons,unfortunate_sons,UNFORTUNATE SONS,2025_unfortunate_sons_sub_max,sub_max,sub_max,Sub Max,SUB MAX,https://www.turbostatsevents.com/site/2/stats/softball/lvc/valhalla2025_UNFORTUNATE SONS?player=Sub_Max,226,Sub Max,99,,1,1,0,0,0,0,0,0,0,0,0,0,0,0,0,0,0,0,0,0.00,0,0,0,0,0,0,0,0.00,0.00,0,1,0,0,1000,0,0,0,0,,,,,,,,,,,,rejected,sub_placeholder,,,no
2025,2025_wharf_rats,wharf_rats,WHARF RATS,2025_wharf_rats_sub_ricky_beyer,sub_ricky_beyer,sub_ricky_beyer,sub Ricky Beyer,SUB RICKY BEYER,https://www.turbostatsevents.com/site/2/stats/softball/lvc/valhalla2025_WHARF RATS?player=sub_Ricky_Beyer,227,sub Ricky Beyer,70,,1,4,0,0,0,0,0,0,1,0,0,0,0,0,0,0,0,0,0,0.00,0,0,3,0,0,0,0,0.00,0.00,0,1,3,0,1000,0,4,0,0,,,,,,,,,,,,rejected,sub_placeholder,,,no
2025,2025_wharf_rats,wharf_rats,WHARF RATS,2025_wharf_rats_sub_auerbach,sub_auerbach,sub_auerbach,Sub Auerbach,SUB AUERBACH,https://www.turbostatsevents.com/site/2/stats/softball/lvc/valhalla2025_WHARF RATS?player=Sub_Auerbach,228,Sub Auerbach,98,,1,4,0,0,0,0,0,0,0,0,0,0,0,0,1,1,0,0,0,0.00,0,0,2,0,0,0,0,0.00,0.00,0,2,1,0,750,0,3,0,0,,,,,,,,,,,,rejected,sub_placeholder,,,no
2024,2024_piper_s_pit,piper_s_pit,PIPER'S PIT,2024_piper_s_pit_sub_spoto,sub_spoto,sub_spoto,Sub Spoto,SUB SPOTO,https://www.turbostatsevents.com/site/2/stats/softball/lvc/valhalla2024_PIPER'S PIT?player=Sub_Spoto,1,Sub Spoto,99,,1,3,3,3,2,1,0,0,0,1,1000,1000,1333,,,0,,0,0,,1000,4,1,1,1000,,,4.26,0.00,0,0,0,,,,0,,1111,4,2333,1000,0,1000,0,0,1,2,0,,rejected,sub_placeholder,,,no
2024,2024_road_warriors,road_warriors,ROAD WARRIORS,2024_road_warriors_sub_mal,sub_mal,sub_mal,sub mal,SUB MAL,https://www.turbostatsevents.com/site/2/stats/softball/lvc/valhalla2024_ROAD WARRIORS?player=sub_mal,3,sub mal,66,,1,4,1,3,1,2,0,0,0,0,750,750,1250,,,0,,0,0,,750,5,0,0,0,,,3.75,5.00,0,1,0,,,,0,,917,4,2000,750,0,750,0,0,1,2,1,,rejected,sub_placeholder,,,no
2024,2024_road_warriors,road_warriors,ROAD WARRIORS,2024_road_warriors_sub_aauerbaac,sub_aauerbaac,sub_aauerbaac,sub aauerbaac,SUB AAUERBAAC,https://www.turbostatsevents.com/site/2/stats/softball/lvc/valhalla2024_ROAD WARRIORS?player=sub_aauerbaac,4,sub aauerbaac,28,,1,4,1,3,2,0,1,0,2,0,750,750,1250,,,0,,0,0,,750,5,2,1,500,,,3.75,5.00,0,1,0,,,,0,,917,4,2000,750,0,750,0,0,0,4,0,,rejected,sub_placeholder,,,no
2024,2024_bushwackers,bushwackers,BUSHWACKERS,2024_bushwackers_sub_spoto,sub_spoto,sub_spoto,Sub Spoto,SUB SPOTO,https://www.turbostatsevents.com/site/2/stats/softball/lvc/valhalla2024_BUSHWACKERS?player=Sub_Spoto,9,Sub Spoto,99,,1,6,2,4,4,0,0,0,2,0,667,667,667,,,0,,0,0,,667,4,3,3,1000,,,2.67,2.00,0,1,1,,,,1,,667,6,1333,667,0,667,0,0,2,2,2,,rejected,sub_placeholder,,,no
2024,2024_degeneration_x,degeneration_x,DEGENERATION X,2024_degeneration_x_sub_bernstein,sub_bernstein,sub_bernstein,Sub - Bernstein,SUB BERNSTEIN,https://www.turbostatsevents.com/site/2/stats/softball/lvc/valhalla2024_DEGENERATION X?player=Sub_-_Bernstein,10,Sub - Bernstein,99,,1,3,0,2,2,0,0,0,1,0,667,667,667,,,0,,0,0,,667,2,1,1,1000,,,1.33,2.00,0,0,1,,,,0,,667,3,1333,667,0,667,0,0,2,1,0,,rejected,sub_placeholder,,,no
2024,2024_junkyard_dogs,junkyard_dogs,JUNKYARD DOGS,2024_junkyard_dogs_sub_max,sub_max,sub_max,sub max,SUB MAX,https://www.turbostatsevents.com/site/2/stats/softball/lvc/valhalla2024_JUNKYARD DOGS?player=sub_max,13,sub max,3,,1,3,1,2,1,0,1,0,2,0,667,500,1333,,,0,,0,1,,667,4,1,1,1000,,,2.26,4.00,0,0,1,,,,0,,778,4,1833,500,0,667,0,0,0,4,0,,rejected,sub_placeholder,,,no
2024,2024_nature_boys,nature_boys,NATURE BOYS,2024_nature_boys_sub_rj_leonard,sub_rj_leonard,sub_rj_leonard,sub rj leonard,SUB RJ LEONARD,https://www.turbostatsevents.com/site/2/stats/softball/lvc/valhalla2024_NATURE BOYS?player=sub_rj_leonard,14,sub rj leonard,99,,1,3,2,2,2,0,0,0,1,0,667,667,667,,,0,,0,0,,667,2,1,1,1000,,,1.33,2.00,0,1,0,,,,0,,667,3,1333,667,0,667,0,0,0,3,0,,rejected,sub_placeholder,,,no
2024,2024_piper_s_pit,piper_s_pit,PIPER'S PIT,2024_piper_s_pit_sub_smith,sub_smith,sub_smith,sub smith,SUB SMITH,https://www.turbostatsevents.com/site/2/stats/softball/lvc/valhalla2024_PIPER'S PIT?player=sub_smith,23,sub smith,4,,2,8,4,5,4,0,1,0,1,0,625,625,875,,,1,,0,0,,625,7,3,2,667,,,4.38,2.33,0,0,0,,,,1,,708,8,1500,625,292,625,0,0,3,4,0,,rejected,sub_placeholder,,,no
2024,2024_road_warriors,road_warriors,ROAD WARRIORS,2024_road_warriors_sub_mal_metz,sub_mal_metz,sub_mal_metz,sub mal metz,SUB MAL METZ,https://www.turbostatsevents.com/site/2/stats/softball/lvc/valhalla2024_ROAD WARRIORS?player=sub_mal_metz,30,sub mal metz,70,,1,5,3,3,2,1,0,0,4,0,600,600,800,,,0,,0,0,,600,4,3,2,667,,,2.40,2.00,0,0,2,,,,1,,667,5,1400,600,0,600,0,0,1,2,2,,rejected,sub_placeholder,,,no
2024,2024_bushwackers,bushwackers,BUSHWACKERS,2024_bushwackers_sub_avallone,sub_avallone,sub_avallone,Sub Avallone,SUB AVALLONE,https://www.turbostatsevents.com/site/2/stats/softball/lvc/valhalla2024_BUSHWACKERS?player=Sub_Avallone,78,Sub Avallone,97,,1,6,4,3,3,0,0,0,2,0,500,500,500,,,1,,0,0,,500,3,3,2,667,,,1.50,1.00,0,0,0,,,,2,,500,6,1000,500,0,500,0,0,1,4,0,,rejected,sub_placeholder,,,no
2024,2024_junkyard_dogs,junkyard_dogs,JUNKYARD DOGS,2024_junkyard_dogs_sub_horan,sub_horan,sub_horan,sub horan,SUB HORAN,https://www.turbostatsevents.com/site/2/stats/softball/lvc/valhalla2024_JUNKYARD DOGS?player=sub_horan,79,sub horan,0,,1,4,2,2,1,0,1,0,0,0,500,500,1000,,,0,,0,0,,500,4,1,0,0,,,2.00,2.00,0,1,0,,,,2,,667,4,1500,750,0,500,1,0,0,4,0,,rejected,sub_placeholder,,,no
2024,2024_mr_t_s,mr_t_s,MR T'S,2024_mr_t_s_sub_malachai,sub_malachai,sub_malachai,sub malachai,SUB MALACHAI,https://www.turbostatsevents.com/site/2/stats/softball/lvc/valhalla2024_MR T'S?player=sub_malachai,82,sub malachai,99,,1,4,2,2,2,0,0,0,0,0,500,500,500,,,0,,0,0,,500,2,1,0,0,,,1.00,1.00,0,0,1,,,,0,,500,4,1000,500,0,500,0,0,1,2,1,,rejected,sub_placeholder,,,no
2024,2024_mr_t_s,mr_t_s,MR T'S,2024_mr_t_s_sub_mal,sub_mal,sub_mal,Sub Mal,SUB MAL,https://www.turbostatsevents.com/site/2/stats/softball/lvc/valhalla2024_MR T'S?player=Sub_Mal,83,Sub Mal,99,,1,4,1,2,1,1,0,0,0,0,500,500,750,,,2,,0,0,,500,3,2,0,0,,,1.50,1.50,0,0,0,,,,0,,583,4,1250,500,0,500,0,0,0,2,0,,rejected,sub_placeholder,,,no
2024,2024_nwo_wolfpack,nwo_wolfpack,NWO WOLFPACK,2024_nwo_wolfpack_sub_keith,sub_keith,sub_keith,Sub-Keith,SUB KEITH,https://www.turbostatsevents.com/site/2/stats/softball/lvc/valhalla2024_NWO WOLFPACK?player=Sub-Keith,87,Sub-Keith,26,,1,4,1,2,1,1,0,0,0,0,500,500,750,,,0,,0,0,,500,3,2,0,0,,,1.50,1.50,0,1,1,,,,5,,583,4,1250,500,0,500,0,0,0,3,1,,rejected,sub_placeholder,,,no
2024,2024_razor_ramon,razor_ramon,RAZOR RAMON,2024_razor_ramon_sub,sub,sub,sub,SUB,https://www.turbostatsevents.com/site/2/stats/softball/lvc/valhalla2024_RAZOR RAMON?player=sub,89,sub,99,,1,2,0,1,1,0,0,0,0,0,500,500,500,,,0,,0,0,,500,1,0,0,0,,,0.50,1.00,0,0,0,,,,0,,500,2,1000,500,0,500,0,0,1,0,1,,rejected,sub_placeholder,,,no
2024,2024_razor_ramon,razor_ramon,RAZOR RAMON,2024_razor_ramon_sub_rj,sub_rj,sub_rj,sub rj,SUB RJ,https://www.turbostatsevents.com/site/2/stats/softball/lvc/valhalla2024_RAZOR RAMON?player=sub_rj,90,sub rj,55,,1,4,1,2,2,0,0,0,0,0,500,500,500,,,0,,0,0,,500,2,0,0,0,,,1.00,1.00,0,1,1,,,,0,,500,4,1000,500,0,500,0,0,0,4,0,,rejected,sub_placeholder,,,no
2024,2024_road_warriors,road_warriors,ROAD WARRIORS,2024_road_warriors_sub_spotto,sub_spotto,sub_spotto,sub Spotto,SUB SPOTTO,https://www.turbostatsevents.com/site/2/stats/softball/lvc/valhalla2024_ROAD WARRIORS?player=sub_Spotto,91,sub Spotto,56,,1,4,1,2,2,0,0,0,0,0,500,500,500,,,0,,0,0,,500,2,0,0,0,,,1.00,1.00,0,1,0,,,,0,,500,4,1000,500,0,500,0,0,1,1,2,,rejected,sub_placeholder,,,no
2024,2024_road_warriors,road_warriors,ROAD WARRIORS,2024_road_warriors_sub_ken_ob,sub_ken_ob,sub_ken_ob,sub ken ob,SUB KEN OB,https://www.turbostatsevents.com/site/2/stats/softball/lvc/valhalla2024_ROAD WARRIORS?player=sub_ken_ob,92,sub ken ob,44,,1,4,2,2,2,0,0,0,0,0,500,500,500,,,0,,0,0,,500,2,2,0,0,,,1.00,1.00,0,0,1,,,,2,,500,4,1000,750,0,500,1,0,0,3,1,,rejected,sub_placeholder,,,no
2024,2024_savages,savages,SAVAGES,2024_savages_sub_mal,sub_mal,sub_mal,sub - MAL,SUB MAL,https://www.turbostatsevents.com/site/2/stats/softball/lvc/valhalla2024_SAVAGES?player=sub_-_MAL,94,sub - MAL,99,,1,4,2,2,2,0,0,0,2,0,500,500,500,,,1,,0,0,,500,2,2,2,1000,,,1.00,1.00,0,0,0,,,,0,,500,4,1000,500,0,500,0,0,0,1,2,,rejected,sub_placeholder,,,no
2024,2024_mr_t_s,mr_t_s,MR T'S,2024_mr_t_s_sub_max,sub_max,sub_max,sub max,SUB MAX,https://www.turbostatsevents.com/site/2/stats/softball/lvc/valhalla2024_MR T'S?player=sub_max,135,sub max,99,,2,7,1,3,3,0,0,0,1,0,429,429,429,,,0,,0,0,,429,3,4,2,500,,,1.29,0.75,0,3,0,,,,4,,429,7,857,429,-238,429,0,0,0,4,3,,rejected,sub_placeholder,,,no
2024,2024_bushwackers,bushwackers,BUSHWACKERS,2024_bushwackers_sub_max,sub_max,sub_max,Sub Max,SUB MAX,https://www.turbostatsevents.com/site/2/stats/softball/lvc/valhalla2024_BUSHWACKERS?player=Sub_Max,148,Sub Max,98,,1,5,1,2,2,0,0,0,2,0,400,333,400,,,0,,0,1,,400,2,2,1,500,,,0.84,0.67,0,2,0,,,,0,,356,6,733,500,0,400,1,0,1,2,3,,rejected,sub_placeholder,,,no
2024,2024_junkyard_dogs,junkyard_dogs,JUNKYARD DOGS,2024_junkyard_dogs_sub_auerback,sub_auerback,sub_auerback,sub - Auerback,SUB AUERBACK,https://www.turbostatsevents.com/site/2/stats/softball/lvc/valhalla2024_JUNKYARD DOGS?player=sub_-_Auerback,193,sub - Auerback,97,,1,3,1,1,1,0,0,0,0,0,333,333,333,,,0,,0,0,,333,1,1,1,1000,,,0.33,0.50,0,0,2,,,,0,,333,3,667,333,0,333,0,0,1,2,0,,rejected,sub_placeholder,,,no
2024,2024_mr_t_s,mr_t_s,MR T'S,2024_mr_t_s_sub_mal,sub_mal,sub_mal,sub - Mal,SUB MAL,https://www.turbostatsevents.com/site/2/stats/softball/lvc/valhalla2024_MR T'S?player=sub_-_Mal,194,sub - Mal,99,,1,6,4,2,2,0,0,0,0,0,333,333,333,,,0,,0,0,,333,2,5,1,200,,,0.67,0.50,0,0,1,,,,3,,333,6,667,833,0,333,3,0,2,1,3,,rejected,sub_placeholder,,,no
2024,2024_piper_s_pit,piper_s_pit,PIPER'S PIT,2024_piper_s_pit_sub_beyer,sub_beyer,sub_beyer,sub beyer,SUB BEYER,https://www.turbostatsevents.com/site/2/stats/softball/lvc/valhalla2024_PIPER'S PIT?player=sub_beyer,195,sub beyer,1,,1,3,0,1,1,0,0,0,0,0,333,333,333,,,0,,0,0,,333,1,1,0,0,,,0.33,0.50,0,0,1,,,,0,,333,3,667,333,0,333,0,0,0,2,1,,rejected,sub_placeholder,,,no
2024,2024_piper_s_pit,piper_s_pit,PIPER'S PIT,2024_piper_s_pit_sub_lynn,sub_lynn,sub_lynn,sub lynn,SUB LYNN,https://www.turbostatsevents.com/site/2/stats/softball/lvc/valhalla2024_PIPER'S PIT?player=sub_lynn,196,sub lynn,2,,1,3,0,1,1,0,0,0,0,0,333,333,333,,,0,,0,0,,333,1,1,0,0,,,0.33,0.50,0,2,0,,,,2,,333,3,667,333,0,333,0,0,0,2,1,,rejected,sub_placeholder,,,no
2024,2024_piper_s_pit,piper_s_pit,PIPER'S PIT,2024_piper_s_pit_sub_auerbach,sub_auerbach,sub_auerbach,sub auerbach,SUB AUERBACH,https://www.turbostatsevents.com/site/2/stats/softball/lvc/valhalla2024_PIPER'S PIT?player=sub_auerbach,197,sub auerbach,3,,1,3,0,1,1,0,0,0,0,0,333,333,333,,,0,,0,0,,333,1,0,0,0,,,0.33,0.50,1,1,0,,,,0,,333,3,667,333,0,333,0,0,0,3,0,,rejected,sub_placeholder,,,no
2024,2024_piper_s_pit,piper_s_pit,PIPER'S PIT,2024_piper_s_pit_sub_mal,sub_mal,sub_mal,sub Mal,SUB MAL,https://www.turbostatsevents.com/site/2/stats/softball/lvc/valhalla2024_PIPER'S PIT?player=sub_Mal,198,sub Mal,99,,1,6,2,2,2,0,0,0,1,0,333,333,333,,,0,,0,0,,333,2,3,1,333,,,0.67,0.50,0,3,1,,,,1,,333,6,667,333,0,333,0,0,2,4,0,,rejected,sub_placeholder,,,no
2024,2024_ultimate_warriors,ultimate_warriors,ULTIMATE WARRIORS,2024_ultimate_warriors_sub_esperson,sub_esperson,sub_esperson,sub esperson,SUB ESPERSON,https://www.turbostatsevents.com/site/2/stats/softball/lvc/valhalla2024_ULTIMATE WARRIORS?player=sub_esperson,200,sub esperson,99,,1,3,0,1,1,0,0,0,1,0,333,333,333,,,1,,0,0,,333,1,2,1,500,,,0.33,0.50,0,0,1,,,,2,,333,3,667,333,0,333,0,0,0,2,0,,rejected,sub_placeholder,,,no
2024,2024_degeneration_x,degeneration_x,DEGENERATION X,2024_degeneration_x_sub_seth,sub_seth,sub_seth,sub seth,SUB SETH,https://www.turbostatsevents.com/site/2/stats/softball/lvc/valhalla2024_DEGENERATION X?player=sub_seth,214,sub seth,98,,1,4,0,1,1,0,0,0,0,0,250,250,250,,,0,,0,0,,250,1,0,0,0,,,0.25,0.33,0,2,1,,,,1,,250,4,500,250,0,250,0,0,3,1,0,,rejected,sub_placeholder,,,no
2024,2024_junkyard_dogs,junkyard_dogs,JUNKYARD DOGS,2024_junkyard_dogs_sub_chuck_peleo,sub_chuck_peleo,sub_chuck_peleo,sub - Chuck Peleo,SUB CHUCK PELEO,https://www.turbostatsevents.com/site/2/stats/softball/lvc/valhalla2024_JUNKYARD DOGS?player=sub_-_Chuck_Peleo,215,sub - Chuck Peleo,98,,1,4,0,1,1,0,0,0,0,0,250,250,250,,,0,,0,0,,250,1,0,0,0,,,0.25,0.33,0,0,3,,,,0,,250,4,500,250,0,250,0,0,1,3,0,,rejected,sub_placeholder,,,no
2024,2024_mr_t_s,mr_t_s,MR T'S,2024_mr_t_s_sub_chris,sub_chris,sub_chris,sub chris,SUB CHRIS,https://www.turbostatsevents.com/site/2/stats/softball/lvc/valhalla2024_MR T'S?player=sub_chris,216,sub chris,96,,1,4,1,1,1,0,0,0,0,0,250,250,250,,,1,,0,0,,250,1,2,1,500,,,0.25,0.33,0,0,2,,,,2,,250,4,500,250,0,250,0,0,0,3,0,,rejected,sub_placeholder,,,no
2024,2024_mr_t_s,mr_t_s,MR T'S,2024_mr_t_s_sub_spoto,sub_spoto,sub_spoto,sub spoto,SUB SPOTO,https://www.turbostatsevents.com/site/2/stats/softball/lvc/valhalla2024_MR T'S?player=sub_spoto,217,sub spoto,98,,1,4,1,1,1,0,0,0,0,0,250,250,250,,,0,,0,0,,250,1,2,1,500,,,0.25,0.33,0,3,0,,,,1,,250,4,500,250,0,250,0,0,0,2,2,,rejected,sub_placeholder,,,no
2024,2024_nwo_wolfpack,nwo_wolfpack,NWO WOLFPACK,2024_nwo_wolfpack_sub_alex,sub_alex,sub_alex,Sub-Alex,SUB ALEX,https://www.turbostatsevents.com/site/2/stats/softball/lvc/valhalla2024_NWO WOLFPACK?player=Sub-Alex,219,Sub-Alex,25,,1,4,0,1,1,0,0,0,0,0,250,250,250,,,0,,0,0,,250,1,2,1,500,,,0.25,0.33,0,2,1,,,,0,,250,4,500,250,0,250,0,0,1,3,0,,rejected,sub_placeholder,,,no
2024,2024_road_warriors,road_warriors,ROAD WARRIORS,2024_road_warriors_sub_spiels,sub_spiels,sub_spiels,sub Spiels,SUB SPIELS,https://www.turbostatsevents.com/site/2/stats/softball/lvc/valhalla2024_ROAD WARRIORS?player=sub__Spiels,220,sub Spiels,99,,1,4,0,1,1,0,0,0,0,0,250,250,250,,,1,,0,0,,250,1,0,0,0,,,0.25,0.33,1,0,1,,,,1,,250,4,500,250,0,250,0,0,0,3,0,,rejected,sub_placeholder,,,no
2024,2024_savages,savages,SAVAGES,2024_savages_sub_auerbach,sub_auerbach,sub_auerbach,sub-auerbach,SUB AUERBACH,https://www.turbostatsevents.com/site/2/stats/softball/lvc/valhalla2024_SAVAGES?player=sub-auerbach,221,sub-auerbach,0,,1,4,1,1,1,0,0,0,0,0,250,250,250,,,2,,0,0,,250,1,2,1,500,,,0.25,0.33,1,0,0,,,,4,,250,4,500,250,0,250,0,0,0,2,0,,rejected,sub_placeholder,,,no
2024,2024_degeneration_x,degeneration_x,DEGENERATION X,2024_degeneration_x_sub_delgizzi,sub_delgizzi,sub_delgizzi,Sub - DelGizzi,SUB DELGIZZI,https://www.turbostatsevents.com/site/2/stats/softball/lvc/valhalla2024_DEGENERATION X?player=Sub_-_DelGizzi,228,Sub - DelGizzi,98,,1,5,0,1,1,0,0,0,1,0,200,200,200,,,2,,0,0,,200,1,4,1,250,,,0.20,0.25,0,1,0,,,,3,,200,5,400,200,0,200,0,0,2,1,0,,rejected,sub_placeholder,,,no
2024,2024_bushwackers,bushwackers,BUSHWACKERS,2024_bushwackers_sub_auerbach,sub_auerbach,sub_auerbach,sub auerbach,SUB AUERBACH,https://www.turbostatsevents.com/site/2/stats/softball/lvc/valhalla2024_BUSHWACKERS?player=sub_auerbach,232,sub auerbach,4,,1,1,0,0,0,0,0,0,0,0,0,0,0,,,0,,0,0,,0,0,0,0,0,,,0.00,0.00,0,0,1,,,,1,,0,1,0,0,0,0,0,0,0,0,1,,rejected,sub_placeholder,,,no
2024,2024_junkyard_dogs,junkyard_dogs,JUNKYARD DOGS,2024_junkyard_dogs_sub_bohel,sub_bohel,sub_bohel,sub - Bohel,SUB BOHEL,https://www.turbostatsevents.com/site/2/stats/softball/lvc/valhalla2024_JUNKYARD DOGS?player=sub_-_Bohel,234,sub - Bohel,94,,1,3,0,0,0,0,0,0,1,0,0,0,0,,,1,,0,0,,0,0,1,0,0,,,0.00,0.00,0,0,1,,,,0,,0,3,0,0,0,0,0,0,1,1,0,,rejected,sub_placeholder,,,no
2024,2024_junkyard_dogs,junkyard_dogs,JUNKYARD DOGS,2024_junkyard_dogs_sub_heismeyer,sub_heismeyer,sub_heismeyer,sub heismeyer,SUB HEISMEYER,https://www.turbostatsevents.com/site/2/stats/softball/lvc/valhalla2024_JUNKYARD DOGS?player=sub_heismeyer,235,sub heismeyer,1,,1,4,1,0,0,0,0,0,0,0,0,0,0,,,1,,0,0,,0,0,1,0,0,,,0.00,0.00,0,0,1,,,,0,,0,4,0,250,0,0,1,0,0,3,0,,rejected,sub_placeholder,,,no
2024,2024_piper_s_pit,piper_s_pit,PIPER'S PIT,2024_piper_s_pit_sub_bernstein,sub_bernstein,sub_bernstein,sub bernstein,SUB BERNSTEIN,https://www.turbostatsevents.com/site/2/stats/softball/lvc/valhalla2024_PIPER'S PIT?player=sub_bernstein,237,sub bernstein,97,,1,2,0,0,0,0,0,0,0,0,0,0,0,,,0,,0,0,,0,0,1,0,0,,,0.00,0.00,0,1,1,,,,0,,0,2,0,0,0,0,0,0,1,1,0,,rejected,sub_placeholder,,,no
2024,2024_piper_s_pit,piper_s_pit,PIPER'S PIT,2024_piper_s_pit_sub_petro,sub_petro,sub_petro,sub petro,SUB PETRO,https://www.turbostatsevents.com/site/2/stats/softball/lvc/valhalla2024_PIPER'S PIT?player=sub_petro,238,sub petro,22,,1,2,0,0,0,0,0,0,0,0,0,0,0,,,0,,0,0,,0,0,1,0,0,,,0.00,0.00,0,0,2,,,,0,,0,2,0,0,0,0,0,0,0,1,1,,rejected,sub_placeholder,,,no
2024,2024_razor_ramon,razor_ramon,RAZOR RAMON,2024_razor_ramon_sub_dean,sub_dean,sub_dean,sub dean,SUB DEAN,https://www.turbostatsevents.com/site/2/stats/softball/lvc/valhalla2024_RAZOR RAMON?player=sub_dean,240,sub dean,99,,1,4,0,0,0,0,0,0,0,0,0,0,0,,,2,,0,0,,0,0,2,0,0,,,0.00,0.00,0,0,1,,,,6,,0,4,0,0,0,0,0,0,0,2,0,,rejected,sub_placeholder,,,no
2024,2024_road_warriors,road_warriors,ROAD WARRIORS,2024_road_warriors_sub_rj,sub_rj,sub_rj,sub rj,SUB RJ,https://www.turbostatsevents.com/site/2/stats/softball/lvc/valhalla2024_ROAD WARRIORS?player=sub_rj,241,sub rj,68,,1,4,1,0,0,0,0,0,0,0,0,0,0,,,0,,0,0,,0,0,2,0,0,,,0.00,0.00,0,2,1,,,,2,,0,4,0,250,0,0,1,0,0,3,1,,rejected,sub_placeholder,,,no
2024,2024_savages,savages,SAVAGES,2024_savages_sub_greg_a,sub_greg_a,sub_greg_a,Sub Greg A,SUB GREG A,https://www.turbostatsevents.com/site/2/stats/softball/lvc/valhalla2024_SAVAGES?player=Sub_Greg_A,242,Sub Greg A,97,,1,2,0,0,0,0,0,0,0,0,0,0,0,,,0,,0,0,,0,0,1,0,0,,,0.00,0.00,0,1,0,,,,2,,0,2,0,500,0,0,1,0,0,2,0,,rejected,sub_placeholder,,,no
2024,2024_savages,savages,SAVAGES,2024_savages_sub_avallone,sub_avallone,sub_avallone,Sub Avallone,SUB AVALLONE,https://www.turbostatsevents.com/site/2/stats/softball/lvc/valhalla2024_SAVAGES?player=Sub_Avallone,243,Sub Avallone,99,,1,3,1,0,0,0,0,0,0,1,0,250,0,,,1,,0,0,,0,0,0,0,0,,,0.07,0.33,0,1,1,,,,0,,167,4,250,250,0,0,0,0,0,1,1,,rejected,sub_placeholder,,,no
2023,2023_macon_bacon,macon_bacon,Macon Bacon,2023_macon_bacon_sub_spotto,sub_spotto,sub_spotto,sub spotto,SUB SPOTTO,http://www.turbostats.com/webcast/site/2/stats/softball/lvc/valhalla2023_Macon Bacon?player=sub_spotto,1,sub spotto,0,,1,1,1,1,1,0,0,0,0,0,1000,1000,1000,,,0,,0,0,0.00,1000,1,,0,0,0,,1.00,0.00,0,0,0,0,,1,,,1000,1,2000,1000,0,,,,0,1,0,1000,rejected,sub_placeholder,,,no
2023,2023_savanna_bananas,savanna_bananas,Savanna Bananas,2023_savanna_bananas_sub_bernstein,sub_bernstein,sub_bernstein,sub bernstein,SUB BERNSTEIN,http://www.turbostats.com/webcast/site/2/stats/softball/lvc/valhalla2023_Savanna Bananas?player=sub_bernstein,2,sub bernstein,11,,1,4,2,3,2,1,0,0,0,0,750,750,1000,,,0,,0,0,0.00,750,4,,0,0,0,,3.00,4.00,0,0,0,1,,1,,,833,4,1750,750,0,,,,0,4,0,750,rejected,sub_placeholder,,,no
2023,2023_ghost_pirates,ghost_pirates,Ghost Pirates,2023_ghost_pirates_sub_alec,sub_alec,sub_alec,sub- Alec,SUB ALEC,http://www.turbostats.com/webcast/site/2/stats/softball/lvc/valhalla2023_Ghost Pirates?player=sub-_Alec,7,sub- Alec,99,,1,3,2,2,1,1,0,0,0,1,667,750,1000,,,0,,0,0,0.00,667,3,,1,500,0,,2.45,4.00,0,1,0,0,,1,,,833,4,1750,750,0,,,,1,2,0,750,rejected,sub_placeholder,,,no
2023,2023_trash_pandas,trash_pandas,Trash Pandas,2023_trash_pandas_sub_debo,sub_debo,sub_debo,sub debo,SUB DEBO,http://www.turbostats.com/webcast/site/2/stats/softball/lvc/valhalla2023_Trash Pandas?player=sub_debo,25,sub debo,98,,1,5,1,3,2,1,0,0,3,0,600,600,800,,,1,,0,0,0.00,600,4,,3,600,0,,2.40,2.00,0,0,0,1,,1,,,667,5,1400,600,0,,,,1,2,1,600,rejected,sub_placeholder,,,no
2023,2023_mud_hens,mud_hens,Mud Hens,2023_mud_hens_sub_spotto,sub_spotto,sub_spotto,sub spotto,SUB SPOTTO,http://www.turbostats.com/webcast/site/2/stats/softball/lvc/valhalla2023_Mud Hens?player=sub_spotto,67,sub spotto,0,,1,2,0,1,1,0,0,0,0,0,500,500,500,,,1,,0,0,0.00,500,1,,1,1000,0,,0.50,1.00,0,0,0,0,,1,,,500,2,1000,500,0,,,,1,0,0,500,rejected,sub_placeholder,,,no
2023,2023_savanna_bananas,savanna_bananas,Savanna Bananas,2023_savanna_bananas_sub_spoto,sub_spoto,sub_spoto,sub spoto,SUB SPOTO,http://www.turbostats.com/webcast/site/2/stats/softball/lvc/valhalla2023_Savanna Bananas?player=sub_spoto,70,sub spoto,60,,1,4,1,2,2,0,0,0,1,0,500,500,500,,,0,,0,0,0.00,500,2,,1,1000,0,,1.00,1.00,0,0,2,0,,1,,,500,4,1000,500,0,,,,0,2,2,500,rejected,sub_placeholder,,,no
2023,2023_savanna_bananas,savanna_bananas,Savanna Bananas,2023_savanna_bananas_sub_smith,sub_smith,sub_smith,sub smith,SUB SMITH,http://www.turbostats.com/webcast/site/2/stats/softball/lvc/valhalla2023_Savanna Bananas?player=sub_smith,71,sub smith,11,,1,4,2,2,2,0,0,0,1,0,500,500,500,,,0,,0,0,0.00,500,2,,0,0,0,,1.00,1.00,0,0,1,1,,1,,,500,4,1000,500,0,,,,2,2,0,500,rejected,sub_placeholder,,,no
2023,2023_space_cowboys,space_cowboys,Space Cowboys,2023_space_cowboys_sub_auerbach,sub_auerbach,sub_auerbach,sub - Auerbach,SUB AUERBACH,http://www.turbostats.com/webcast/site/2/stats/softball/lvc/valhalla2023_Space Cowboys?player=sub_-_Auerbach,73,sub - Auerbach,99,,1,4,1,2,2,0,0,0,0,0,500,500,500,,,1,,0,0,0.00,500,2,,0,0,0,,1.00,1.00,0,0,0,1,,1,,,500,4,1000,500,0,,,,0,1,2,500,rejected,sub_placeholder,,,no
2023,2023_yard_goats,yard_goats,Yard Goats,2023_yard_goats_sub_mal,sub_mal,sub_mal,Sub Mal,SUB MAL,http://www.turbostats.com/webcast/site/2/stats/softball/lvc/valhalla2023_Yard Goats?player=Sub_Mal,77,Sub Mal,55,,1,4,1,2,2,0,0,0,0,0,500,500,500,,,0,,0,0,0.00,500,2,,0,0,0,,1.00,1.00,0,0,1,1,,1,,,500,4,1000,500,0,,,,0,4,0,500,rejected,sub_placeholder,,,no
2023,2023_somerset_patriots,somerset_patriots,Somerset Patriots,2023_somerset_patriots_sub_1,sub_1,sub_1,Sub 1,SUB 1,http://www.turbostats.com/webcast/site/2/stats/softball/lvc/valhalla2023_Somerset Patriots?player=Sub_1,102,Sub 1,95,,3,11,2,5,4,0,1,0,1,1,455,500,636,,,0,,0,0,0.00,455,7,,1,500,1,,3.63,1.33,0,2,2,1,,3,,,545,12,1136,583,26,,,,0,7,4,500,rejected,sub_placeholder,,,no
2023,2023_space_cowboys,space_cowboys,Space Cowboys,2023_space_cowboys_sub,sub,sub,Sub,SUB,http://www.turbostats.com/webcast/site/2/stats/softball/lvc/valhalla2023_Space Cowboys?player=Sub,111,Sub,99,,5,18,5,8,7,1,0,0,3,0,444,444,500,,,0,,0,0,0.00,400,9,,3,600,0,,4.00,0.90,0,4,4,2,,2,,,463,18,944,444,16,,,,1,14,3,444,rejected,sub_placeholder,,,no
2023,2023_savanna_bananas,savanna_bananas,Savanna Bananas,2023_savanna_bananas_sub,sub,sub,Sub,SUB,http://www.turbostats.com/webcast/site/2/stats/softball/lvc/valhalla2023_Savanna Bananas?player=Sub,115,Sub,99,,4,16,7,7,6,1,0,0,3,0,438,438,500,,,1,,0,0,0.00,400,8,,1,200,2,,3.50,0.89,0,2,3,1,,4,,,458,16,938,563,21,,,,0,11,4,438,rejected,sub_placeholder,,,no
2023,2023_somerset_patriots,somerset_patriots,Somerset Patriots,2023_somerset_patriots_sub_3,sub_3,sub_3,Sub 3,SUB 3,http://www.turbostats.com/webcast/site/2/stats/softball/lvc/valhalla2023_Somerset Patriots?player=Sub_3,119,Sub 3,96,,2,7,1,3,3,0,0,0,1,0,429,429,429,,,0,,0,0,0.00,429,3,,1,333,0,,1.29,0.75,0,2,1,1,,1,,,429,7,857,429,429,,,,1,6,0,429,rejected,sub_placeholder,,,no
2023,2023_space_cowboys,space_cowboys,Space Cowboys,2023_space_cowboys_sub_mal_metz,sub_mal_metz,sub_mal_metz,Sub - Mal Metz,SUB MAL METZ,http://www.turbostats.com/webcast/site/2/stats/softball/lvc/valhalla2023_Space Cowboys?player=Sub_-_Mal_Metz,136,Sub - Mal Metz,99,,2,5,1,2,2,0,0,0,0,0,400,400,400,,,0,,0,0,0.00,400,2,,0,0,0,,0.80,0.67,0,2,1,0,,1,,,400,5,800,400,400,,,,0,4,1,400,rejected,sub_placeholder,,,no
2023,2023_space_cowboys,space_cowboys,Space Cowboys,2023_space_cowboys_sub_petro,sub_petro,sub_petro,sub Petro,SUB PETRO,http://www.turbostats.com/webcast/site/2/stats/softball/lvc/valhalla2023_Space Cowboys?player=sub_Petro,137,sub Petro,10,,1,5,1,2,2,0,0,0,3,0,400,400,400,,,0,,0,0,0.00,400,2,,2,667,1,,0.80,0.67,0,1,1,0,,1,,,400,5,800,600,0,,,,1,4,0,400,rejected,sub_placeholder,,,no
2023,2023_somerset_patriots,somerset_patriots,Somerset Patriots,2023_somerset_patriots_sub_2,sub_2,sub_2,Sub 2,SUB 2,http://www.turbostats.com/webcast/site/2/stats/softball/lvc/valhalla2023_Somerset Patriots?player=Sub_2,148,Sub 2,88,,3,8,0,3,2,1,0,0,1,0,375,375,500,,,0,,0,0,0.00,375,4,,0,0,0,,1.50,0.80,0,3,2,0,,1,,,417,8,875,375,-292,,,,4,3,1,375,rejected,sub_placeholder,,,no
2023,2023_mud_hens,mud_hens,Mud Hens,2023_mud_hens_sub_debo,sub_debo,sub_debo,sub debo,SUB DEBO,http://www.turbostats.com/webcast/site/2/stats/softball/lvc/valhalla2023_Mud Hens?player=sub_debo,163,sub debo,6,,1,3,1,1,1,0,0,0,1,0,333,333,333,,,0,,0,0,0.00,333,1,,1,1000,0,,0.33,0.50,0,1,1,0,,1,,,333,3,667,333,0,,,,0,1,2,333,rejected,sub_placeholder,,,no
2023,2023_space_cowboys,space_cowboys,Space Cowboys,2023_space_cowboys_sub_clay,sub_clay,sub_clay,sub Clay,SUB CLAY,http://www.turbostats.com/webcast/site/2/stats/softball/lvc/valhalla2023_Space Cowboys?player=sub_Clay,165,sub Clay,98,,1,3,1,1,1,0,0,0,0,0,333,333,333,,,0,,0,0,0.00,333,1,,0,0,1,,0.33,0.50,0,1,0,0,,1,,,333,3,667,667,0,,,,1,2,0,333,rejected,sub_placeholder,,,no
2023,2023_yard_goats,yard_goats,Yard Goats,2023_yard_goats_sub_clay,sub_clay,sub_clay,sub clay,SUB CLAY,http://www.turbostats.com/webcast/site/2/stats/softball/lvc/valhalla2023_Yard Goats?player=sub_clay,166,sub clay,0,,1,3,1,1,1,0,0,0,0,0,333,333,333,,,0,,0,0,0.00,333,1,,0,0,0,,0.33,0.50,0,0,2,0,,1,,,333,3,667,333,0,,,,0,2,1,333,rejected,sub_placeholder,,,no
2023,2023_savanna_bananas,savanna_bananas,Savanna Bananas,2023_savanna_bananas_sub_auerbach,sub_auerbach,sub_auerbach,sub auerbach,SUB AUERBACH,http://www.turbostats.com/webcast/site/2/stats/softball/lvc/valhalla2023_Savanna Bananas?player=sub_auerbach,190,sub auerbach,44,,2,5,1,1,1,0,0,0,0,0,200,200,200,,,1,,0,0,0.00,200,1,,0,0,0,,0.20,0.25,0,1,2,0,,0,,,200,5,400,200,-50,,,,0,3,1,200,rejected,sub_placeholder,,,no
2023,2023_trash_pandas,trash_pandas,Trash Pandas,2023_trash_pandas_sub_clay,sub_clay,sub_clay,sub clay,SUB CLAY,http://www.turbostats.com/webcast/site/2/stats/softball/lvc/valhalla2023_Trash Pandas?player=sub_clay,191,sub clay,99,,1,5,2,1,1,0,0,0,1,0,200,200,200,,,1,,0,0,0.00,200,1,,1,250,1,,0.20,0.25,0,1,1,0,,1,,,200,5,400,400,0,,,,0,4,0,200,rejected,sub_placeholder,,,no
2023,2023_yard_goats,yard_goats,Yard Goats,2023_yard_goats_sub_bernstein,sub_bernstein,sub_bernstein,sub bernstein,SUB BERNSTEIN,http://www.turbostats.com/webcast/site/2/stats/softball/lvc/valhalla2023_Yard Goats?player=sub_bernstein,192,sub bernstein,2,,2,5,1,1,0,0,0,1,2,0,200,200,800,,,0,,0,0,5.00,200,4,,0,0,0,,0.80,1.00,0,1,1,2,,0,,,400,5,1000,200,-133,,,,1,4,0,200,rejected,sub_placeholder,,,no
2023,2023_ghost_pirates,ghost_pirates,Ghost Pirates,2023_ghost_pirates_sub_ralph,sub_ralph,sub_ralph,sub-ralph,SUB RALPH,http://www.turbostats.com/webcast/site/2/stats/softball/lvc/valhalla2023_Ghost Pirates?player=sub-ralph,199,sub-ralph,98,,1,4,0,0,0,0,0,0,1,0,0,0,0,,,1,,0,0,0.00,0,0,,0,0,1,,0.00,0.00,0,2,0,0,,0,,,0,4,0,250,0,,,,0,3,0,0,rejected,sub_placeholder,,,no
2023,2023_rail_riders,rail_riders,Rail Riders,2023_rail_riders_sub_boeckel,sub_boeckel,sub_boeckel,sub boeckel,SUB BOECKEL,http://www.turbostats.com/webcast/site/2/stats/softball/lvc/valhalla2023_Rail Riders?player=sub_boeckel,202,sub boeckel,96,,1,2,0,0,0,0,0,0,0,0,0,0,0,,,1,,0,0,0.00,0,0,,0,0,0,,0.00,0.00,1,0,0,0,,0,,,0,2,0,0,0,,,,1,0,0,0,rejected,sub_placeholder,,,no
2023,2023_somerset_patriots,somerset_patriots,Somerset Patriots,2023_somerset_patriots_sub_4,sub_4,sub_4,Sub 4,SUB 4,http://www.turbostats.com/webcast/site/2/stats/softball/lvc/valhalla2023_Somerset Patriots?player=Sub_4,204,Sub 4,67,,1,1,0,0,0,0,0,0,0,0,0,0,0,,,0,,0,0,0.00,0,0,,0,0,0,,0.00,0.00,0,0,1,0,,0,,,0,1,0,0,0,,,,0,1,0,0,rejected,sub_placeholder,,,no
2023,2023_space_cowboys,space_cowboys,Space Cowboys,2023_space_cowboys_sub_max_metz,sub_max_metz,sub_max_metz,sub max metz,SUB MAX METZ,http://www.turbostats.com/webcast/site/2/stats/softball/lvc/valhalla2023_Space Cowboys?player=sub_max_metz,205,sub max metz,85,,1,3,0,0,0,0,0,0,0,0,0,0,0,,,0,,0,0,0.00,0,0,,0,0,0,,0.00,0.00,0,3,0,0,,0,,,0,3,0,0,0,,,,0,3,0,0,rejected,sub_placeholder,,,no
2023,2023_space_cowboys,space_cowboys,Space Cowboys,2023_space_cowboys_sub_dean,sub_dean,sub_dean,sub Dean,SUB DEAN,http://www.turbostats.com/webcast/site/2/stats/softball/lvc/valhalla2023_Space Cowboys?player=sub_Dean,206,sub Dean,0,,1,5,0,0,0,0,0,0,0,0,0,0,0,,,3,,0,0,0.00,0,0,,0,0,0,,0.00,0.00,0,0,2,0,,0,,,0,5,0,0,0,,,,0,2,0,0,rejected,sub_placeholder,,,no
