season,team_id,historical_team_id,team_name,player_id,canonical_player_id,historical_player_id,player_name,canonical_player_name,player_url
2026,2026_7th_floor_crew,7th_floor_crew,7th Floor Crew,2026_7th_floor_crew_26650_2613_302,alexander_sweetwood,alexander_sweetwood,Alexander Sweetwood,ALEXANDER SWEETWOOD,https://lvc.sportstrack.app/softball/teams/2613_302/stats?player=Alexander_Sweetwood&rosterId=26650_2613_302
2026,2026_7th_floor_crew,7th_floor_crew,7th Floor Crew,2026_7th_floor_crew_26659_2613_302,brad_hartung,brad_hartung,Brad Hartung,BRAD HARTUNG,https://lvc.sportstrack.app/softball/teams/2613_302/stats?player=Brad_Hartung&rosterId=26659_2613_302
2026,2026_7th_floor_crew,7th_floor_crew,7th Floor Crew,2026_7th_floor_crew_26680_2613_302,dave_jones,dave_jones,Dave Jones,DAVE JONES,https://lvc.sportstrack.app/softball/teams/2613_302/stats?player=Dave_Jones&rosterId=26680_2613_302
2026,2026_7th_floor_crew,7th_floor_crew,7th Floor Crew,2026_7th_floor_crew_26685_2613_302,dean_sottile,dean_sottile,Dean Sottile,DEAN SOTTILE,https://lvc.sportstrack.app/softball/teams/2613_302/stats?player=Dean_Sottile&rosterId=26685_2613_302
2026,2026_7th_floor_crew,7th_floor_crew,7th Floor Crew,2026_7th_floor_crew_26694_2613_302,fred_heismeyer,fred_heismeyer,Fred Heismeyer,FRED HEISMEYER,https://lvc.sportstrack.app/softball/teams/2613_302/stats?player=Fred_Heismeyer&rosterId=26694_2613_302
2026,2026_7th_floor_crew,7th_floor_crew,7th Floor Crew,2026_7th_floor_crew_26725_2613_302,kevin_dejong,kevin_dejong,Kevin Dejong,KEVIN DEJONG,https://lvc.sportstrack.app/softball/teams/2613_302/stats?player=Kevin_Dejong&rosterId=26725_2613_302
2026,2026_7th_floor_crew,7th_floor_crew,7th Floor Crew,2026_7th_floor_crew_26737_2613_302,mark_slayton,mark_slayton,Mark Slayton,MARK SLAYTON,https://lvc.sportstrack.app/softball/teams/2613_302/stats?player=Mark_Slayton&rosterId=26737_2613_302
2026,2026_7th_floor_crew,7th_floor_crew,7th Floor Crew,2026_7th_floor_crew_26740_2613_302,matt_johnson,matt_johnson,Matt Johnson,MATT JOHNSON,https://lvc.sportstrack.app/softball/teams/2613_302/stats?player=Matt_Johnson&rosterId=26740_2613_302
2026,2026_7th_floor_crew,7th_floor_crew,7th Floor Crew,2026_7th_floor_crew_26742_2613_302,matt_rozell,matt_rozell,Matt Rozell,MATT ROZELL,https://lvc.sportstrack.app/softball/teams/2613_302/stats?player=Matt_Rozell&rosterId=26742_2613_302
2026,2026_7th_floor_crew,7th_floor_crew,7th Floor Crew,2026_7th_floor_crew_4284_2613_302,mike_levine,mike_levine,Mike Levine,MIKE LEVINE,https://lvc.sportstrack.app/softball/teams/2613_302/stats?player=Mike_Levine&rosterId=4284_2613_302
2026,2026_7th_floor_crew,7th_floor_crew,7th Floor Crew,2026_7th_floor_crew_26750_2613_302,nick_adams,nick_adams,Nick Adams,NICK ADAMS,https://lvc.sportstrack.app/softball/teams/2613_302/stats?player=Nick_Adams&rosterId=26750_2613_302
2026,2026_7th_floor_crew,7th_floor_crew,7th Floor Crew,2026_7th_floor_crew_26752_2613_302,pat_mcnamara,pat_mcnamara,Pat Mcnamara,PAT MCNAMARA,https://lvc.sportstrack.app/softball/teams/2613_302/stats?player=Pat_Mcnamara&rosterId=26752_2613_302
2026,2026_7th_floor_crew,7th_floor_crew,7th Floor Crew,2026_7th_floor_crew_26771_2613_302,ryan_goodrich,ryan_goodrich,Ryan Goodrich,RYAN GOODRICH,https://lvc.sportstrack.app/softball/teams/2613_302/stats?player=Ryan_Goodrich&rosterId=26771_2613_302
2026,2026_7th_floor_crew,7th_floor_crew,7th Floor Crew,2026_7th_floor_crew_4288_2613_302,steve_sroka,steve_sroka,Steve Sroka,STEVE SROKA,https://lvc.sportstrack.app/softball/teams/2613_302/stats?player=Steve_Sroka&rosterId=4288_2613_302
2026,2026_7th_floor_crew,7th_floor_crew,7th Floor Crew,2026_7th_floor_crew_4519_2613_302,todd_alden,todd_alden,Todd Alden,TODD ALDEN,https://lvc.sportstrack.app/softball/teams/2613_302/stats?player=Todd_Alden&rosterId=4519_2613_302
2026,2026_bash_brothers,bash_brothers,Bash Brothers,2026_bash_brothers_26653_2616_302,andrew_mcginniss,andrew_mcginniss,Andrew Mcginniss,ANDREW MCGINNISS,https://lvc.sportstrack.app/softball/teams/2616_302/stats?player=Andrew_Mcginniss&rosterId=26653_2616_302
2026,2026_bash_brothers,bash_brothers,Bash Brothers,2026_bash_brothers_26662_2616_302,brian_cass,brian_cass,Brian Cass,BRIAN CASS,https://lvc.sportstrack.app/softball/teams/2616_302/stats?player=Brian_Cass&rosterId=26662_2616_302
2026,2026_bash_brothers,bash_brothers,Bash Brothers,2026_bash_brothers_967_2616_302,brian_godau,brian_godau,Brian Godau,BRIAN GODAU,https://lvc.sportstrack.app/softball/teams/2616_302/stats?player=Brian_Godau&rosterId=967_2616_302
2026,2026_bash_brothers,bash_brothers,Bash Brothers,2026_bash_brothers_26671_2616_302,chris_longano,chris_longano,Chris Longano,CHRIS LONGANO,https://lvc.sportstrack.app/softball/teams/2616_302/stats?player=Chris_Longano&rosterId=26671_2616_302
2026,2026_bash_brothers,bash_brothers,Bash Brothers,2026_bash_brothers_997_2616_302,craig_ferluge,craig_ferluge,Craig Ferluge,CRAIG FERLUGE,https://lvc.sportstrack.app/softball/teams/2616_302/stats?player=Craig_Ferluge&rosterId=997_2616_302
2026,2026_bash_brothers,bash_brothers,Bash Brothers,2026_bash_brothers_26696_2616_302,gavin_miller,gavin_miller,Gavin Miller,GAVIN MILLER,https://lvc.sportstrack.app/softball/teams/2616_302/stats?player=Gavin_Miller&rosterId=26696_2616_302
2026,2026_bash_brothers,bash_brothers,Bash Brothers,2026_bash_brothers_2408_2616_302,jared_bruno,jared_bruno,Jared Bruno,JARED BRUNO,https://lvc.sportstrack.app/softball/teams/2616_302/stats?player=Jared_Bruno&rosterId=2408_2616_302
2026,2026_bash_brothers,bash_brothers,Bash Brothers,2026_bash_brothers_26724_2616_302,kenny_conlon,kenny_conlon,Kenny Conlon,KENNY CONLON,https://lvc.sportstrack.app/softball/teams/2616_302/stats?player=Kenny_Conlon&rosterId=26724_2616_302
2026,2026_bash_brothers,bash_brothers,Bash Brothers,2026_bash_brothers_26732_2616_302,logan_horowitz,logan_horowitz,Logan Horowitz,LOGAN HOROWITZ,https://lvc.sportstrack.app/softball/teams/2616_302/stats?player=Logan_Horowitz&rosterId=26732_2616_302
2026,2026_bash_brothers,bash_brothers,Bash Brothers,2026_bash_brothers_955_2616_302,malachi_metz,malachi_metz,Malachi Metz,MALACHI METZ,https://lvc.sportstrack.app/softball/teams/2616_302/stats?player=Malachi_Metz&rosterId=955_2616_302
2026,2026_bash_brothers,bash_brothers,Bash Brothers,2026_bash_brothers_419_2616_302,marty_eagan,marty_eagan,Marty Eagan,MARTY EAGAN,https://lvc.sportstrack.app/softball/teams/2616_302/stats?player=Marty_Eagan&rosterId=419_2616_302
2026,2026_bash_brothers,bash_brothers,Bash Brothers,2026_bash_brothers_2400_2616_302,max_metz,max_metz,Max Metz,MAX METZ,https://lvc.sportstrack.app/softball/teams/2616_302/stats?player=Max_Metz&rosterId=2400_2616_302
2026,2026_bash_brothers,bash_brothers,Bash Brothers,2026_bash_brothers_26748_2616_302,mike_kideckel,mike_kideckel,Mike Kideckel,MIKE KIDECKEL,https://lvc.sportstrack.app/softball/teams/2616_302/stats?player=Mike_Kideckel&rosterId=26748_2616_302
2026,2026_bash_brothers,bash_brothers,Bash Brothers,2026_bash_brothers_2403_2616_302,mike_metz,mike_metz,Mike Metz,MIKE METZ,https://lvc.sportstrack.app/softball/teams/2616_302/stats?player=Mike_Metz&rosterId=2403_2616_302
2026,2026_bash_brothers,bash_brothers,Bash Brothers,2026_bash_brothers_26770_2616_302,ryan_conlon,ryan_conlon,Ryan Conlon,RYAN CONLON,https://lvc.sportstrack.app/softball/teams/2616_302/stats?player=Ryan_Conlon&rosterId=26770_2616_302
2026,2026_bash_brothers,bash_brothers,Bash Brothers,2026_bash_brothers_26778_2616_302,steve_horowitz,steve_horowitz,Steve Horowitz,STEVE HOROWITZ,https://lvc.sportstrack.app/softball/teams/2616_302/stats?player=Steve_Horowitz&rosterId=26778_2616_302
2026,2026_bash_brothers,bash_brothers,Bash Brothers,2026_bash_brothers_27327_2616_302,dave_a_sub,dave_a_sub,dave A sub,DAVE A SUB,https://lvc.sportstrack.app/softball/teams/2616_302/stats?player=dave_A_sub&rosterId=27327_2616_302
2026,2026_bash_brothers,bash_brothers,Bash Brothers,2026_bash_brothers_27328_2616_302,ryan_s_sub,ryan_s_sub,ryan s sub,RYAN S SUB,https://lvc.sportstrack.app/softball/teams/2616_302/stats?player=ryan_s_sub&rosterId=27328_2616_302
2026,2026_black_mambas,black_mambas,Black Mambas,2026_black_mambas_26646_2614_302,alex_boden,alex_boden,Alex Boden,ALEX BODEN,https://lvc.sportstrack.app/softball/teams/2614_302/stats?player=Alex_Boden&rosterId=26646_2614_302
2026,2026_black_mambas,black_mambas,Black Mambas,2026_black_mambas_26649_2614_302,alex_simon,alex_simon,Alex Simon,ALEX SIMON,https://lvc.sportstrack.app/softball/teams/2614_302/stats?player=Alex_Simon&rosterId=26649_2614_302
2026,2026_black_mambas,black_mambas,Black Mambas,2026_black_mambas_26655_2614_302,bankim_shah,bankim_shah,Bankim Shah,BANKIM SHAH,https://lvc.sportstrack.app/softball/teams/2614_302/stats?player=Bankim_Shah&rosterId=26655_2614_302
2026,2026_black_mambas,black_mambas,Black Mambas,2026_black_mambas_26657_2614_302,bob_plishka,bob_plishka,Bob Plishka,BOB PLISHKA,https://lvc.sportstrack.app/softball/teams/2614_302/stats?player=Bob_Plishka&rosterId=26657_2614_302
2026,2026_black_mambas,black_mambas,Black Mambas,2026_black_mambas_26669_2614_302,chris_chianese,chris_chianese,Chris Chianese,CHRIS CHIANESE,https://lvc.sportstrack.app/softball/teams/2614_302/stats?player=Chris_Chianese&rosterId=26669_2614_302
2026,2026_black_mambas,black_mambas,Black Mambas,2026_black_mambas_26670_2614_302,chris_czapla,chris_czapla,Chris Czapla,CHRIS CZAPLA,https://lvc.sportstrack.app/softball/teams/2614_302/stats?player=Chris_Czapla&rosterId=26670_2614_302
2026,2026_black_mambas,black_mambas,Black Mambas,2026_black_mambas_26683_2614_302,david_plishka,david_plishka,David Plishka,DAVID PLISHKA,https://lvc.sportstrack.app/softball/teams/2614_302/stats?player=David_Plishka&rosterId=26683_2614_302
2026,2026_black_mambas,black_mambas,Black Mambas,2026_black_mambas_26705_2614_302,jason_crimmins,jason_crimmins,Jason Crimmins,JASON CRIMMINS,https://lvc.sportstrack.app/softball/teams/2614_302/stats?player=Jason_Crimmins&rosterId=26705_2614_302
2026,2026_black_mambas,black_mambas,Black Mambas,2026_black_mambas_26709_2614_302,jason_rhodes,jason_rhodes,Jason Rhodes,JASON RHODES,https://lvc.sportstrack.app/softball/teams/2614_302/stats?player=Jason_Rhodes&rosterId=26709_2614_302
2026,2026_black_mambas,black_mambas,Black Mambas,2026_black_mambas_964_2614_302,josh_simon,josh_simon,Josh Simon,JOSH SIMON,https://lvc.sportstrack.app/softball/teams/2614_302/stats?player=Josh_Simon&rosterId=964_2614_302
2026,2026_black_mambas,black_mambas,Black Mambas,2026_black_mambas_26749_2614_302,mike_lawlor,mike_lawlor,Mike Lawlor,MIKE LAWLOR,https://lvc.sportstrack.app/softball/teams/2614_302/stats?player=Mike_Lawlor&rosterId=26749_2614_302
2026,2026_black_mambas,black_mambas,Black Mambas,2026_black_mambas_26755_2614_302,ralph_aiello,ralph_aiello,Ralph Aiello,RALPH AIELLO,https://lvc.sportstrack.app/softball/teams/2614_302/stats?player=Ralph_Aiello&rosterId=26755_2614_302
2026,2026_black_mambas,black_mambas,Black Mambas,2026_black_mambas_26766_2614_302,rob_thomas,rob_thomas,Rob Thomas,ROB THOMAS,https://lvc.sportstrack.app/softball/teams/2614_302/stats?player=Rob_Thomas&rosterId=26766_2614_302
2026,2026_black_mambas,black_mambas,Black Mambas,2026_black_mambas_26781_2614_302,tom_o_connor,tom_o_connor,Tom O'connor,TOM O CONNOR,https://lvc.sportstrack.app/softball/teams/2614_302/stats?player=Tom_O%27connor&rosterId=26781_2614_302
2026,2026_black_mambas,black_mambas,Black Mambas,2026_black_mambas_1004_2614_302,tony_garrett,tony_garrett,Tony Garrett,TONY GARRETT,https://lvc.sportstrack.app/softball/teams/2614_302/stats?player=Tony_Garrett&rosterId=1004_2614_302
2026,2026_honey_badgers,honey_badgers,Honey Badgers,2026_honey_badgers_26660_2611_302,brandon_snook,brandon_snook,Brandon Snook,BRANDON SNOOK,https://lvc.sportstrack.app/softball/teams/2611_302/stats?player=Brandon_Snook&rosterId=26660_2611_302
2026,2026_honey_badgers,honey_badgers,Honey Badgers,2026_honey_badgers_26663_2611_302,brian_guatta,brian_guatta,Brian Guatta,BRIAN GUATTA,https://lvc.sportstrack.app/softball/teams/2611_302/stats?player=Brian_Guatta&rosterId=26663_2611_302
2026,2026_honey_badgers,honey_badgers,Honey Badgers,2026_honey_badgers_26666_2611_302,casey_nix,casey_nix,Casey Nix,CASEY NIX,https://lvc.sportstrack.app/softball/teams/2611_302/stats?player=Casey_Nix&rosterId=26666_2611_302
2026,2026_honey_badgers,honey_badgers,Honey Badgers,2026_honey_badgers_26668_2611_302,chris_capobianco,chris_capobianco,Chris Capobianco,CHRIS CAPOBIANCO,https://lvc.sportstrack.app/softball/teams/2611_302/stats?player=Chris_Capobianco&rosterId=26668_2611_302
2026,2026_honey_badgers,honey_badgers,Honey Badgers,2026_honey_badgers_26673_2611_302,clay_petry,clay_petry,Clay Petry,CLAY PETRY,https://lvc.sportstrack.app/softball/teams/2611_302/stats?player=Clay_Petry&rosterId=26673_2611_302
2026,2026_honey_badgers,honey_badgers,Honey Badgers,2026_honey_badgers_26692_2611_302,eze_abosi,eze_abosi,Eze Abosi,EZE ABOSI,https://lvc.sportstrack.app/softball/teams/2611_302/stats?player=Eze_Abosi&rosterId=26692_2611_302
2026,2026_honey_badgers,honey_badgers,Honey Badgers,2026_honey_badgers_26703_2611_302,jared_kuropatkin,jared_kuropatkin,Jared Kuropatkin,JARED KUROPATKIN,https://lvc.sportstrack.app/softball/teams/2611_302/stats?player=Jared_Kuropatkin&rosterId=26703_2611_302
2026,2026_honey_badgers,honey_badgers,Honey Badgers,2026_honey_badgers_26706_2611_302,jason_hamberger,jason_hamberger,Jason Hamberger,JASON HAMBERGER,https://lvc.sportstrack.app/softball/teams/2611_302/stats?player=Jason_Hamberger&rosterId=26706_2611_302
2026,2026_honey_badgers,honey_badgers,Honey Badgers,2026_honey_badgers_977_2611_302,jason_wertheimer,jason_wertheimer,Jason Wertheimer,JASON WERTHEIMER,https://lvc.sportstrack.app/softball/teams/2611_302/stats?player=Jason_Wertheimer&rosterId=977_2611_302
2026,2026_honey_badgers,honey_badgers,Honey Badgers,2026_honey_badgers_26728_2611_302,kevin_rosin,kevin_rosin,Kevin Rosin,KEVIN ROSIN,https://lvc.sportstrack.app/softball/teams/2611_302/stats?player=Kevin_Rosin&rosterId=26728_2611_302
2026,2026_honey_badgers,honey_badgers,Honey Badgers,2026_honey_badgers_26739_2611_302,matt_eisenberg,matt_eisenberg,Matt Eisenberg,MATT EISENBERG,https://lvc.sportstrack.app/softball/teams/2611_302/stats?player=Matt_Eisenberg&rosterId=26739_2611_302
2026,2026_honey_badgers,honey_badgers,Honey Badgers,2026_honey_badgers_26760_2611_302,rich_kirkpatrick,rich_kirkpatrick,Rich Kirkpatrick,RICH KIRKPATRICK,https://lvc.sportstrack.app/softball/teams/2611_302/stats?player=Rich_Kirkpatrick&rosterId=26760_2611_302
2026,2026_honey_badgers,honey_badgers,Honey Badgers,2026_honey_badgers_26769_2611_302,ryan_coletti,ryan_coletti,Ryan Coletti,RYAN COLETTI,https://lvc.sportstrack.app/softball/teams/2611_302/stats?player=Ryan_Coletti&rosterId=26769_2611_302
2026,2026_honey_badgers,honey_badgers,Honey Badgers,2026_honey_badgers_26777_2611_302,steve_deblasio,steve_deblasio,Steve Deblasio,STEVE DEBLASIO,https://lvc.sportstrack.app/softball/teams/2611_302/stats?player=Steve_Deblasio&rosterId=26777_2611_302
2026,2026_honey_badgers,honey_badgers,Honey Badgers,2026_honey_badgers_4520_2611_302,steve_kampschmidt,steve_kampschmidt,Steve Kampschmidt,STEVE KAMPSCHMIDT,https://lvc.sportstrack.app/softball/teams/2611_302/stats?player=Steve_Kampschmidt&rosterId=4520_2611_302
2026,2026_lunch_pail_guys,lunch_pail_guys,Lunch Pail Guys,2026_lunch_pail_guys_26647_2610_302,alex_fass,alex_fass,Alex Fass,ALEX FASS,https://lvc.sportstrack.app/softball/teams/2610_302/stats?player=Alex_Fass&rosterId=26647_2610_302
2026,2026_lunch_pail_guys,lunch_pail_guys,Lunch Pail Guys,2026_lunch_pail_guys_26654_2610_302,andrew_sanzone,andrew_sanzone,Andrew Sanzone,ANDREW SANZONE,https://lvc.sportstrack.app/softball/teams/2610_302/stats?player=Andrew_Sanzone&rosterId=26654_2610_302
2026,2026_lunch_pail_guys,lunch_pail_guys,Lunch Pail Guys,2026_lunch_pail_guys_4518_2610_302,bob_fass,bob_fass,Bob Fass,BOB FASS,https://lvc.sportstrack.app/softball/teams/2610_302/stats?player=Bob_Fass&rosterId=4518_2610_302
2026,2026_lunch_pail_guys,lunch_pail_guys,Lunch Pail Guys,2026_lunch_pail_guys_26665_2610_302,brian_scaglione,brian_scaglione,Brian Scaglione,BRIAN SCAGLIONE,https://lvc.sportstrack.app/softball/teams/2610_302/stats?player=Brian_Scaglione&rosterId=26665_2610_302
2026,2026_lunch_pail_guys,lunch_pail_guys,Lunch Pail Guys,2026_lunch_pail_guys_26678_2610_302,dave_istvan,dave_istvan,Dave Istvan,DAVE ISTVAN,https://lvc.sportstrack.app/softball/teams/2610_302/stats?player=Dave_Istvan&rosterId=26678_2610_302
2026,2026_lunch_pail_guys,lunch_pail_guys,Lunch Pail Guys,2026_lunch_pail_guys_26698_2610_302,greg_george,greg_george,Greg George,GREG GEORGE,https://lvc.sportstrack.app/softball/teams/2610_302/stats?player=Greg_George&rosterId=26698_2610_302
2026,2026_lunch_pail_guys,lunch_pail_guys,Lunch Pail Guys,2026_lunch_pail_guys_991_2610_302,jim_morris,jim_morris,Jim Morris,JIM MORRIS,https://lvc.sportstrack.app/softball/teams/2610_302/stats?player=Jim_Morris&rosterId=991_2610_302
2026,2026_lunch_pail_guys,lunch_pail_guys,Lunch Pail Guys,2026_lunch_pail_guys_970_2610_302,joey_beyer,joey_beyer,Joey Beyer,JOEY BEYER,https://lvc.sportstrack.app/softball/teams/2610_302/stats?player=Joey_Beyer&rosterId=970_2610_302
2026,2026_lunch_pail_guys,lunch_pail_guys,Lunch Pail Guys,2026_lunch_pail_guys_26718_2610_302,john_sanzone,john_sanzone,John Sanzone,JOHN SANZONE,https://lvc.sportstrack.app/softball/teams/2610_302/stats?player=John_Sanzone&rosterId=26718_2610_302
2026,2026_lunch_pail_guys,lunch_pail_guys,Lunch Pail Guys,2026_lunch_pail_guys_26895_2610_302,player,player,Player,PLAYER,https://lvc.sportstrack.app/softball/teams/2610_302/stats?player=Player&rosterId=26895_2610_302
2026,2026_lunch_pail_guys,lunch_pail_guys,Lunch Pail Guys,2026_lunch_pail_guys_26758_2610_302,rich_fardo,rich_fardo,Rich Fardo,RICH FARDO,https://lvc.sportstrack.app/softball/teams/2610_302/stats?player=Rich_Fardo&rosterId=26758_2610_302
2026,2026_lunch_pail_guys,lunch_pail_guys,Lunch Pail Guys,2026_lunch_pail_guys_2411_2610_302,rick_beyer,rick_beyer,Rick Beyer,RICK BEYER,https://lvc.sportstrack.app/softball/teams/2610_302/stats?player=Rick_Beyer&rosterId=2411_2610_302
2026,2026_lunch_pail_guys,lunch_pail_guys,Lunch Pail Guys,2026_lunch_pail_guys_987_2610_302,ricky_beyer,ricky_beyer,Ricky Beyer,RICKY BEYER,https://lvc.sportstrack.app/softball/teams/2610_302/stats?player=Ricky_Beyer&rosterId=987_2610_302
2026,2026_lunch_pail_guys,lunch_pail_guys,Lunch Pail Guys,2026_lunch_pail_guys_26763_2610_302,rj_fardo,rj_fardo,Rj Fardo,RJ FARDO,https://lvc.sportstrack.app/softball/teams/2610_302/stats?player=Rj_Fardo&rosterId=26763_2610_302
2026,2026_lunch_pail_guys,lunch_pail_guys,Lunch Pail Guys,2026_lunch_pail_guys_26767_2610_302,robert_george,robert_george,Robert George,ROBERT GEORGE,https://lvc.sportstrack.app/softball/teams/2610_302/stats?player=Robert_George&rosterId=26767_2610_302
2026,2026_lunch_pail_guys,lunch_pail_guys,Lunch Pail Guys,2026_lunch_pail_guys_26891_2610_302,sub_1,sub_1,SUB 1,SUB 1,https://lvc.sportstrack.app/softball/teams/2610_302/stats?player=SUB_1&rosterId=26891_2610_302
2026,2026_lunch_pail_guys,lunch_pail_guys,Lunch Pail Guys,2026_lunch_pail_guys_26892_2610_302,sub_2,sub_2,SUB 2,SUB 2,https://lvc.sportstrack.app/softball/teams/2610_302/stats?player=SUB_2&rosterId=26892_2610_302
2026,2026_lunch_pail_guys,lunch_pail_guys,Lunch Pail Guys,2026_lunch_pail_guys_26779_2610_302,tim_fonseca,tim_fonseca,Tim Fonseca,TIM FONSECA,https://lvc.sportstrack.app/softball/teams/2610_302/stats?player=Tim_Fonseca&rosterId=26779_2610_302
2026,2026_lunch_pail_guys,lunch_pail_guys,Lunch Pail Guys,2026_lunch_pail_guys_26870_2610_302,sub_spoto,sub_spoto,sub spoto,SUB SPOTO,https://lvc.sportstrack.app/softball/teams/2610_302/stats?player=sub_spoto&rosterId=26870_2610_302
2026,2026_muscle_hamsters,muscle_hamsters,Muscle Hamsters,2026_muscle_hamsters_26656_2609_302,ben_alkin,ben_alkin,Ben Alkin,BEN ALKIN,https://lvc.sportstrack.app/softball/teams/2609_302/stats?player=Ben_Alkin&rosterId=26656_2609_302
2026,2026_muscle_hamsters,muscle_hamsters,Muscle Hamsters,2026_muscle_hamsters_4321_2609_302,brian_quinn,brian_quinn,Brian Quinn,BRIAN QUINN,https://lvc.sportstrack.app/softball/teams/2609_302/stats?player=Brian_Quinn&rosterId=4321_2609_302
2026,2026_muscle_hamsters,muscle_hamsters,Muscle Hamsters,2026_muscle_hamsters_965_2609_302,dan_ochs,dan_ochs,Dan Ochs,DAN OCHS,https://lvc.sportstrack.app/softball/teams/2609_302/stats?player=Dan_Ochs&rosterId=965_2609_302
2026,2026_muscle_hamsters,muscle_hamsters,Muscle Hamsters,2026_muscle_hamsters_26675_2609_302,daniel_weiner,daniel_weiner,Daniel Weiner,DANIEL WEINER,https://lvc.sportstrack.app/softball/teams/2609_302/stats?player=Daniel_Weiner&rosterId=26675_2609_302
2026,2026_muscle_hamsters,muscle_hamsters,Muscle Hamsters,2026_muscle_hamsters_26693_2609_302,frank_coppola,frank_coppola,Frank Coppola,FRANK COPPOLA,https://lvc.sportstrack.app/softball/teams/2609_302/stats?player=Frank_Coppola&rosterId=26693_2609_302
2026,2026_muscle_hamsters,muscle_hamsters,Muscle Hamsters,2026_muscle_hamsters_26695_2609_302,gavin_boeckel,gavin_boeckel,Gavin Boeckel,GAVIN BOECKEL,https://lvc.sportstrack.app/softball/teams/2609_302/stats?player=Gavin_Boeckel&rosterId=26695_2609_302
2026,2026_muscle_hamsters,muscle_hamsters,Muscle Hamsters,2026_muscle_hamsters_26713_2609_302,jigar_desai,jigar_desai,Jigar Desai,JIGAR DESAI,https://lvc.sportstrack.app/softball/teams/2609_302/stats?player=Jigar_Desai&rosterId=26713_2609_302
2026,2026_muscle_hamsters,muscle_hamsters,Muscle Hamsters,2026_muscle_hamsters_26714_2609_302,john_boeckel,john_boeckel,John Boeckel,JOHN BOECKEL,https://lvc.sportstrack.app/softball/teams/2609_302/stats?player=John_Boeckel&rosterId=26714_2609_302
2026,2026_muscle_hamsters,muscle_hamsters,Muscle Hamsters,2026_muscle_hamsters_999_2609_302,john_petrozzino,john_petrozzino,John Petrozzino,JOHN PETROZZINO,https://lvc.sportstrack.app/softball/teams/2609_302/stats?player=John_Petrozzino&rosterId=999_2609_302
2026,2026_muscle_hamsters,muscle_hamsters,Muscle Hamsters,2026_muscle_hamsters_26719_2609_302,jon_weiner,jon_weiner,Jon Weiner,JON WEINER,https://lvc.sportstrack.app/softball/teams/2609_302/stats?player=Jon_Weiner&rosterId=26719_2609_302
2026,2026_muscle_hamsters,muscle_hamsters,Muscle Hamsters,2026_muscle_hamsters_26747_2609_302,mike_hettesheimer,mike_hettesheimer,Mike Hettesheimer,MIKE HETTESHEIMER,https://lvc.sportstrack.app/softball/teams/2609_302/stats?player=Mike_Hettesheimer&rosterId=26747_2609_302
2026,2026_muscle_hamsters,muscle_hamsters,Muscle Hamsters,2026_muscle_hamsters_26751_2609_302,nico_coppola,nico_coppola,Nico Coppola,NICO COPPOLA,https://lvc.sportstrack.app/softball/teams/2609_302/stats?player=Nico_Coppola&rosterId=26751_2609_302
2026,2026_muscle_hamsters,muscle_hamsters,Muscle Hamsters,2026_muscle_hamsters_26768_2609_302,ryan_boeckel,ryan_boeckel,Ryan Boeckel,RYAN BOECKEL,https://lvc.sportstrack.app/softball/teams/2609_302/stats?player=Ryan_Boeckel&rosterId=26768_2609_302
2026,2026_muscle_hamsters,muscle_hamsters,Muscle Hamsters,2026_muscle_hamsters_26776_2609_302,sub_czapla,sub_czapla,SUB Czapla,SUB CZAPLA,https://lvc.sportstrack.app/softball/teams/2609_302/stats?player=SUB_Czapla&rosterId=26776_2609_302
2026,2026_muscle_hamsters,muscle_hamsters,Muscle Hamsters,2026_muscle_hamsters_26851_2609_302,skender_daerti,skender_daerti,Skender Daerti,SKENDER DAERTI,https://lvc.sportstrack.app/softball/teams/2609_302/stats?player=Skender_Daerti&rosterId=26851_2609_302
2026,2026_muscle_hamsters,muscle_hamsters,Muscle Hamsters,2026_muscle_hamsters_26783_2609_302,victor_cardona,victor_cardona,Victor Cardona,VICTOR CARDONA,https://lvc.sportstrack.app/softball/teams/2609_302/stats?player=Victor_Cardona&rosterId=26783_2609_302
2026,2026_nails,nails,Nails,2026_nails_26648_2618_302,alex_lieberman,alex_lieberman,Alex Lieberman,ALEX LIEBERMAN,https://lvc.sportstrack.app/softball/teams/2618_302/stats?player=Alex_Lieberman&rosterId=26648_2618_302
2026,2026_nails,nails,Nails,2026_nails_26658_2618_302,bob_vogt,bob_vogt,Bob Vogt,BOB VOGT,https://lvc.sportstrack.app/softball/teams/2618_302/stats?player=Bob_Vogt&rosterId=26658_2618_302
2026,2026_nails,nails,Nails,2026_nails_26661_2618_302,bret_hartman,bret_hartman,Bret Hartman,BRET HARTMAN,https://lvc.sportstrack.app/softball/teams/2618_302/stats?player=Bret_Hartman&rosterId=26661_2618_302
2026,2026_nails,nails,Nails,2026_nails_984_2618_302,chris_stappas,chris_stappas,Chris Stappas,CHRIS STAPPAS,https://lvc.sportstrack.app/softball/teams/2618_302/stats?player=Chris_Stappas&rosterId=984_2618_302
2026,2026_nails,nails,Nails,2026_nails_972_2618_302,chuck_puleo,chuck_puleo,Chuck Puleo,CHUCK PULEO,https://lvc.sportstrack.app/softball/teams/2618_302/stats?player=Chuck_Puleo&rosterId=972_2618_302
2026,2026_nails,nails,Nails,2026_nails_26674_2618_302,craig_engelhardt,craig_engelhardt,Craig Engelhardt,CRAIG ENGELHARDT,https://lvc.sportstrack.app/softball/teams/2618_302/stats?player=Craig_Engelhardt&rosterId=26674_2618_302
2026,2026_nails,nails,Nails,2026_nails_26679_2618_302,dave_jensen,dave_jensen,Dave Jensen,DAVE JENSEN,https://lvc.sportstrack.app/softball/teams/2618_302/stats?player=Dave_Jensen&rosterId=26679_2618_302
2026,2026_nails,nails,Nails,2026_nails_26700_2618_302,jacob_lieberman,jacob_lieberman,Jacob Lieberman,JACOB LIEBERMAN,https://lvc.sportstrack.app/softball/teams/2618_302/stats?player=Jacob_Lieberman&rosterId=26700_2618_302
2026,2026_nails,nails,Nails,2026_nails_26701_2618_302,jacob_vogt,jacob_vogt,Jacob Vogt,JACOB VOGT,https://lvc.sportstrack.app/softball/teams/2618_302/stats?player=Jacob_Vogt&rosterId=26701_2618_302
2026,2026_nails,nails,Nails,2026_nails_26702_2618_302,james_walker,james_walker,James Walker,JAMES WALKER,https://lvc.sportstrack.app/softball/teams/2618_302/stats?player=James_Walker&rosterId=26702_2618_302
2026,2026_nails,nails,Nails,2026_nails_26710_2618_302,jason_vogt,jason_vogt,Jason Vogt,JASON VOGT,https://lvc.sportstrack.app/softball/teams/2618_302/stats?player=Jason_Vogt&rosterId=26710_2618_302
2026,2026_nails,nails,Nails,2026_nails_26720_2618_302,justin_vogt,justin_vogt,Justin Vogt,JUSTIN VOGT,https://lvc.sportstrack.app/softball/teams/2618_302/stats?player=Justin_Vogt&rosterId=26720_2618_302
2026,2026_nails,nails,Nails,2026_nails_26746_2618_302,mike_cafaro,mike_cafaro,Mike Cafaro,MIKE CAFARO,https://lvc.sportstrack.app/softball/teams/2618_302/stats?player=Mike_Cafaro&rosterId=26746_2618_302
2026,2026_nails,nails,Nails,2026_nails_26893_2618_302,sub_n1,sub_n1,SUB N1,SUB N1,https://lvc.sportstrack.app/softball/teams/2618_302/stats?player=SUB_N1&rosterId=26893_2618_302
2026,2026_nails,nails,Nails,2026_nails_26894_2618_302,sub_n2,sub_n2,SUB N2,SUB N2,https://lvc.sportstrack.app/softball/teams/2618_302/stats?player=SUB_N2&rosterId=26894_2618_302
2026,2026_nails,nails,Nails,2026_nails_26774_2618_302,sameer_sawe,sameer_sawe,Sameer Sawe,SAMEER SAWE,https://lvc.sportstrack.app/softball/teams/2618_302/stats?player=Sameer_Sawe&rosterId=26774_2618_302
2026,2026_nails,nails,Nails,2026_nails_26782_2618_302,tyler_lieberman,tyler_lieberman,Tyler Lieberman,TYLER LIEBERMAN,https://lvc.sportstrack.app/softball/teams/2618_302/stats?player=Tyler_Lieberman&rosterId=26782_2618_302
2026,2026_the_big_papi_s,the_big_papi_s,The Big Papi's,2026_the_big_papi_s_26652_2612_302,andrew_conroy,andrew_conroy,Andrew Conroy,ANDREW CONROY,https://lvc.sportstrack.app/softball/teams/2612_302/stats?player=Andrew_Conroy&rosterId=26652_2612_302
2026,2026_the_big_papi_s,the_big_papi_s,The Big Papi's,2026_the_big_papi_s_26667_2612_302,chris_armelino,chris_armelino,Chris Armelino,CHRIS ARMELINO,https://lvc.sportstrack.app/softball/teams/2612_302/stats?player=Chris_Armelino&rosterId=26667_2612_302
2026,2026_the_big_papi_s,the_big_papi_s,The Big Papi's,2026_the_big_papi_s_26681_2612_302,dave_kaiser,dave_kaiser,Dave Kaiser,DAVE KAISER,https://lvc.sportstrack.app/softball/teams/2612_302/stats?player=Dave_Kaiser&rosterId=26681_2612_302
2026,2026_the_big_papi_s,the_big_papi_s,The Big Papi's,2026_the_big_papi_s_26687_2612_302,deron_green,deron_green,Deron Green,DERON GREEN,https://lvc.sportstrack.app/softball/teams/2612_302/stats?player=Deron_Green&rosterId=26687_2612_302
2026,2026_the_big_papi_s,the_big_papi_s,The Big Papi's,2026_the_big_papi_s_26699_2612_302,greg_restino,greg_restino,Greg Restino,GREG RESTINO,https://lvc.sportstrack.app/softball/teams/2612_302/stats?player=Greg_Restino&rosterId=26699_2612_302
2026,2026_the_big_papi_s,the_big_papi_s,The Big Papi's,2026_the_big_papi_s_26707_2612_302,jason_lew,jason_lew,Jason Lew,JASON LEW,https://lvc.sportstrack.app/softball/teams/2612_302/stats?player=Jason_Lew&rosterId=26707_2612_302
2026,2026_the_big_papi_s,the_big_papi_s,The Big Papi's,2026_the_big_papi_s_26716_2612_302,john_lew,john_lew,John Lew,JOHN LEW,https://lvc.sportstrack.app/softball/teams/2612_302/stats?player=John_Lew&rosterId=26716_2612_302
2026,2026_the_big_papi_s,the_big_papi_s,The Big Papi's,2026_the_big_papi_s_26731_2612_302,levi_henninger,levi_henninger,Levi Henninger,LEVI HENNINGER,https://lvc.sportstrack.app/softball/teams/2612_302/stats?player=Levi_Henninger&rosterId=26731_2612_302
2026,2026_the_big_papi_s,the_big_papi_s,The Big Papi's,2026_the_big_papi_s_26734_2612_302,mark_armelino,mark_armelino,Mark Armelino,MARK ARMELINO,https://lvc.sportstrack.app/softball/teams/2612_302/stats?player=Mark_Armelino&rosterId=26734_2612_302
2026,2026_the_big_papi_s,the_big_papi_s,The Big Papi's,2026_the_big_papi_s_26745_2612_302,mike_bedell,mike_bedell,Mike Bedell,MIKE BEDELL,https://lvc.sportstrack.app/softball/teams/2612_302/stats?player=Mike_Bedell&rosterId=26745_2612_302
2026,2026_the_big_papi_s,the_big_papi_s,The Big Papi's,2026_the_big_papi_s_26756_2612_302,ralph_avallone,ralph_avallone,Ralph Avallone,RALPH AVALLONE,https://lvc.sportstrack.app/softball/teams/2612_302/stats?player=Ralph_Avallone&rosterId=26756_2612_302
2026,2026_the_big_papi_s,the_big_papi_s,The Big Papi's,2026_the_big_papi_s_26762_2612_302,rick_delgizzi,rick_delgizzi,Rick Delgizzi,RICK DELGIZZI,https://lvc.sportstrack.app/softball/teams/2612_302/stats?player=Rick_Delgizzi&rosterId=26762_2612_302
2026,2026_the_big_papi_s,the_big_papi_s,The Big Papi's,2026_the_big_papi_s_26764_2612_302,rj_leonard,rj_leonard,Rj Leonard,RJ LEONARD,https://lvc.sportstrack.app/softball/teams/2612_302/stats?player=Rj_Leonard&rosterId=26764_2612_302
2026,2026_the_big_papi_s,the_big_papi_s,The Big Papi's,2026_the_big_papi_s_2410_2612_302,temple_houston,temple_houston,Temple Houston,TEMPLE HOUSTON,https://lvc.sportstrack.app/softball/teams/2612_302/stats?player=Temple_Houston&rosterId=2410_2612_302
2026,2026_the_big_papi_s,the_big_papi_s,The Big Papi's,2026_the_big_papi_s_26784_2612_302,victor_segarra,victor_segarra,Victor Segarra,VICTOR SEGARRA,https://lvc.sportstrack.app/softball/teams/2612_302/stats?player=Victor_Segarra&rosterId=26784_2612_302
2026,2026_the_big_units,the_big_units,The Big Units,2026_the_big_units_26672_2615_302,chris_mazur,chris_mazur,Chris Mazur,CHRIS MAZUR,https://lvc.sportstrack.app/softball/teams/2615_302/stats?player=Chris_Mazur&rosterId=26672_2615_302
2026,2026_the_big_units,the_big_units,The Big Units,2026_the_big_units_26682_2615_302,dave_reiss,dave_reiss,Dave Reiss,DAVE REISS,https://lvc.sportstrack.app/softball/teams/2615_302/stats?player=Dave_Reiss&rosterId=26682_2615_302
2026,2026_the_big_units,the_big_units,The Big Units,2026_the_big_units_1007_2615_302,dave_schachman,dave_schachman,Dave Schachman,DAVE SCHACHMAN,https://lvc.sportstrack.app/softball/teams/2615_302/stats?player=Dave_Schachman&rosterId=1007_2615_302
2026,2026_the_big_units,the_big_units,The Big Units,2026_the_big_units_26690_2615_302,eric_stivers,eric_stivers,Eric Stivers,ERIC STIVERS,https://lvc.sportstrack.app/softball/teams/2615_302/stats?player=Eric_Stivers&rosterId=26690_2615_302
2026,2026_the_big_units,the_big_units,The Big Units,2026_the_big_units_26691_2615_302,evan_schachman,evan_schachman,Evan Schachman,EVAN SCHACHMAN,https://lvc.sportstrack.app/softball/teams/2615_302/stats?player=Evan_Schachman&rosterId=26691_2615_302
2026,2026_the_big_units,the_big_units,The Big Units,2026_the_big_units_4328_2615_302,greg_auerbach,greg_auerbach,Greg Auerbach,GREG AUERBACH,https://lvc.sportstrack.app/softball/teams/2615_302/stats?player=Greg_Auerbach&rosterId=4328_2615_302
2026,2026_the_big_units,the_big_units,The Big Units,2026_the_big_units_26697_2615_302,greg_espersen,greg_espersen,Greg Espersen,GREG ESPERSEN,https://lvc.sportstrack.app/softball/teams/2615_302/stats?player=Greg_Espersen&rosterId=26697_2615_302
2026,2026_the_big_units,the_big_units,The Big Units,2026_the_big_units_26722_2615_302,keith_olsen,keith_olsen,Keith Olsen,KEITH OLSEN,https://lvc.sportstrack.app/softball/teams/2615_302/stats?player=Keith_Olsen&rosterId=26722_2615_302
2026,2026_the_big_units,the_big_units,The Big Units,2026_the_big_units_26727_2615_302,kevin_reiss,kevin_reiss,Kevin Reiss,KEVIN REISS,https://lvc.sportstrack.app/softball/teams/2615_302/stats?player=Kevin_Reiss&rosterId=26727_2615_302
2026,2026_the_big_units,the_big_units,The Big Units,2026_the_big_units_26730_2615_302,lance_zacker,lance_zacker,Lance Zacker,LANCE ZACKER,https://lvc.sportstrack.app/softball/teams/2615_302/stats?player=Lance_Zacker&rosterId=26730_2615_302
2026,2026_the_big_units,the_big_units,The Big Units,2026_the_big_units_26733_2615_302,luke_guilbert,luke_guilbert,Luke Guilbert,LUKE GUILBERT,https://lvc.sportstrack.app/softball/teams/2615_302/stats?player=Luke_Guilbert&rosterId=26733_2615_302
2026,2026_the_big_units,the_big_units,The Big Units,2026_the_big_units_979_2615_302,neil_ascione,neil_ascione,Neil Ascione,NEIL ASCIONE,https://lvc.sportstrack.app/softball/teams/2615_302/stats?player=Neil_Ascione&rosterId=979_2615_302
2026,2026_the_big_units,the_big_units,The Big Units,2026_the_big_units_26765_2615_302,rob_guilbert,rob_guilbert,Rob Guilbert,ROB GUILBERT,https://lvc.sportstrack.app/softball/teams/2615_302/stats?player=Rob_Guilbert&rosterId=26765_2615_302
2026,2026_the_big_units,the_big_units,The Big Units,2026_the_big_units_26780_2615_302,tom_clougher,tom_clougher,Tom Clougher,TOM CLOUGHER,https://lvc.sportstrack.app/softball/teams/2615_302/stats?player=Tom_Clougher&rosterId=26780_2615_302
2026,2026_the_big_units,the_big_units,The Big Units,2026_the_big_units_978_2615_302,tom_schur,tom_schur,Tom Schur,TOM SCHUR,https://lvc.sportstrack.app/softball/teams/2615_302/stats?player=Tom_Schur&rosterId=978_2615_302
2026,2026_the_big_units,the_big_units,The Big Units,2026_the_big_units_27153_2615_302,sub_max,sub_max,sub max,SUB MAX,https://lvc.sportstrack.app/softball/teams/2615_302/stats?player=sub_max&rosterId=27153_2615_302
2026,2026_the_ryan_express,the_ryan_express,The Ryan Express,2026_the_ryan_express_26644_2617_302,adam_handler,adam_handler,Adam Handler,ADAM HANDLER,https://lvc.sportstrack.app/softball/teams/2617_302/stats?player=Adam_Handler&rosterId=26644_2617_302
2026,2026_the_ryan_express,the_ryan_express,The Ryan Express,2026_the_ryan_express_26664_2617_302,brian_lusk,brian_lusk,Brian Lusk,BRIAN LUSK,https://lvc.sportstrack.app/softball/teams/2617_302/stats?player=Brian_Lusk&rosterId=26664_2617_302
2026,2026_the_ryan_express,the_ryan_express,The Ryan Express,2026_the_ryan_express_26676_2617_302,danny_fariello,danny_fariello,Danny Fariello,DANNY FARIELLO,https://lvc.sportstrack.app/softball/teams/2617_302/stats?player=Danny_Fariello&rosterId=26676_2617_302
2026,2026_the_ryan_express,the_ryan_express,The Ryan Express,2026_the_ryan_express_26689_2617_302,eric_davis,eric_davis,Eric Davis,ERIC DAVIS,https://lvc.sportstrack.app/softball/teams/2617_302/stats?player=Eric_Davis&rosterId=26689_2617_302
2026,2026_the_ryan_express,the_ryan_express,The Ryan Express,2026_the_ryan_express_26712_2617_302,jeff_miller,jeff_miller,Jeff Miller,JEFF MILLER,https://lvc.sportstrack.app/softball/teams/2617_302/stats?player=Jeff_Miller&rosterId=26712_2617_302
2026,2026_the_ryan_express,the_ryan_express,The Ryan Express,2026_the_ryan_express_4291_2617_302,ken_eagle,ken_eagle,Ken Eagle,KEN EAGLE,https://lvc.sportstrack.app/softball/teams/2617_302/stats?player=Ken_Eagle&rosterId=4291_2617_302
2026,2026_the_ryan_express,the_ryan_express,The Ryan Express,2026_the_ryan_express_4308_2617_302,ken_horan,ken_horan,Ken Horan,KEN HORAN,https://lvc.sportstrack.app/softball/teams/2617_302/stats?player=Ken_Horan&rosterId=4308_2617_302
2026,2026_the_ryan_express,the_ryan_express,The Ryan Express,2026_the_ryan_express_4273_2617_302,ken_o_brien,ken_o_brien,Ken O'brien,KEN O BRIEN,https://lvc.sportstrack.app/softball/teams/2617_302/stats?player=Ken_O%27brien&rosterId=4273_2617_302
2026,2026_the_ryan_express,the_ryan_express,The Ryan Express,2026_the_ryan_express_26735_2617_302,mark_davis,mark_davis,Mark Davis,MARK DAVIS,https://lvc.sportstrack.app/softball/teams/2617_302/stats?player=Mark_Davis&rosterId=26735_2617_302
2026,2026_the_ryan_express,the_ryan_express,The Ryan Express,2026_the_ryan_express_26736_2617_302,mark_fedele,mark_fedele,Mark Fedele,MARK FEDELE,https://lvc.sportstrack.app/softball/teams/2617_302/stats?player=Mark_Fedele&rosterId=26736_2617_302
2026,2026_the_ryan_express,the_ryan_express,The Ryan Express,2026_the_ryan_express_26738_2617_302,mark_spoto,mark_spoto,Mark Spoto,MARK SPOTO,https://lvc.sportstrack.app/softball/teams/2617_302/stats?player=Mark_Spoto&rosterId=26738_2617_302
2026,2026_the_ryan_express,the_ryan_express,The Ryan Express,2026_the_ryan_express_26743_2617_302,matt_siekierka,matt_siekierka,Matt Siekierka,MATT SIEKIERKA,https://lvc.sportstrack.app/softball/teams/2617_302/stats?player=Matt_Siekierka&rosterId=26743_2617_302
2026,2026_the_ryan_express,the_ryan_express,The Ryan Express,2026_the_ryan_express_26744_2617_302,michael_fedele,michael_fedele,Michael Fedele,MICHAEL FEDELE,https://lvc.sportstrack.app/softball/teams/2617_302/stats?player=Michael_Fedele&rosterId=26744_2617_302
2026,2026_the_ryan_express,the_ryan_express,The Ryan Express,2026_the_ryan_express_2404_2617_302,michael_rothenberg,michael_rothenberg,Michael Rothenberg,MICHAEL ROTHENBERG,https://lvc.sportstrack.app/softball/teams/2617_302/stats?player=Michael_Rothenberg&rosterId=2404_2617_302
2026,2026_the_ryan_express,the_ryan_express,The Ryan Express,2026_the_ryan_express_26757_2617_302,ralph_fariello,ralph_fariello,Ralph Fariello,RALPH FARIELLO,https://lvc.sportstrack.app/softball/teams/2617_302/stats?player=Ralph_Fariello&rosterId=26757_2617_302
2026,2026_the_ryan_express,the_ryan_express,The Ryan Express,2026_the_ryan_express_26772_2617_302,ryan_smith,ryan_smith,Ryan Smith,RYAN SMITH,https://lvc.sportstrack.app/softball/teams/2617_302/stats?player=Ryan_Smith&rosterId=26772_2617_302
2026,2026_the_sultans_of_swat,the_sultans_of_swat,The Sultans Of Swat,2026_the_sultans_of_swat_26645_2619_302,adam_steckelman,adam_steckelman,Adam Steckelman,ADAM STECKELMAN,https://lvc.sportstrack.app/softball/teams/2619_302/stats?player=Adam_Steckelman&rosterId=26645_2619_302
2026,2026_the_sultans_of_swat,the_sultans_of_swat,The Sultans Of Swat,2026_the_sultans_of_swat_26677_2619_302,dave_auerbach,dave_auerbach,Dave Auerbach,DAVE AUERBACH,https://lvc.sportstrack.app/softball/teams/2619_302/stats?player=Dave_Auerbach&rosterId=26677_2619_302
2026,2026_the_sultans_of_swat,the_sultans_of_swat,The Sultans Of Swat,2026_the_sultans_of_swat_990_2619_302,dave_richmond,dave_richmond,Dave Richmond,DAVE RICHMOND,https://lvc.sportstrack.app/softball/teams/2619_302/stats?player=Dave_Richmond&rosterId=990_2619_302
2026,2026_the_sultans_of_swat,the_sultans_of_swat,The Sultans Of Swat,2026_the_sultans_of_swat_26688_2619_302,dimitri_rassias,dimitri_rassias,Dimitri Rassias,DIMITRI RASSIAS,https://lvc.sportstrack.app/softball/teams/2619_302/stats?player=Dimitri_Rassias&rosterId=26688_2619_302
2026,2026_the_sultans_of_swat,the_sultans_of_swat,The Sultans Of Swat,2026_the_sultans_of_swat_26711_2619_302,jay_glickson,jay_glickson,Jay Glickson,JAY GLICKSON,https://lvc.sportstrack.app/softball/teams/2619_302/stats?player=Jay_Glickson&rosterId=26711_2619_302
2026,2026_the_sultans_of_swat,the_sultans_of_swat,The Sultans Of Swat,2026_the_sultans_of_swat_989_2619_302,jim_halpin,jim_halpin,Jim Halpin,JIM HALPIN,https://lvc.sportstrack.app/softball/teams/2619_302/stats?player=Jim_Halpin&rosterId=989_2619_302
2026,2026_the_sultans_of_swat,the_sultans_of_swat,The Sultans Of Swat,2026_the_sultans_of_swat_26715_2619_302,john_hogan,john_hogan,John Hogan,JOHN HOGAN,https://lvc.sportstrack.app/softball/teams/2619_302/stats?player=John_Hogan&rosterId=26715_2619_302
2026,2026_the_sultans_of_swat,the_sultans_of_swat,The Sultans Of Swat,2026_the_sultans_of_swat_26717_2619_302,john_mcdonough,john_mcdonough,John Mcdonough,JOHN MCDONOUGH,https://lvc.sportstrack.app/softball/teams/2619_302/stats?player=John_Mcdonough&rosterId=26717_2619_302
2026,2026_the_sultans_of_swat,the_sultans_of_swat,The Sultans Of Swat,2026_the_sultans_of_swat_26723_2619_302,keith_rothfritz,keith_rothfritz,Keith Rothfritz,KEITH ROTHFRITZ,https://lvc.sportstrack.app/softball/teams/2619_302/stats?player=Keith_Rothfritz&rosterId=26723_2619_302
2026,2026_the_sultans_of_swat,the_sultans_of_swat,The Sultans Of Swat,2026_the_sultans_of_swat_26726_2619_302,kevin_marquez,kevin_marquez,Kevin Marquez,KEVIN MARQUEZ,https://lvc.sportstrack.app/softball/teams/2619_302/stats?player=Kevin_Marquez&rosterId=26726_2619_302
2026,2026_the_sultans_of_swat,the_sultans_of_swat,The Sultans Of Swat,2026_the_sultans_of_swat_26729_2619_302,kyle_doench,kyle_doench,Kyle Doench,KYLE DOENCH,https://lvc.sportstrack.app/softball/teams/2619_302/stats?player=Kyle_Doench&rosterId=26729_2619_302
2026,2026_the_sultans_of_swat,the_sultans_of_swat,The Sultans Of Swat,2026_the_sultans_of_swat_26754_2619_302,pete_defrank,pete_defrank,Pete Defrank,PETE DEFRANK,https://lvc.sportstrack.app/softball/teams/2619_302/stats?player=Pete_Defrank&rosterId=26754_2619_302
2026,2026_the_sultans_of_swat,the_sultans_of_swat,The Sultans Of Swat,2026_the_sultans_of_swat_26773_2619_302,sal_dambrosia,sal_dambrosia,Sal Dambrosia,SAL DAMBROSIA,https://lvc.sportstrack.app/softball/teams/2619_302/stats?player=Sal_Dambrosia&rosterId=26773_2619_302
2026,2026_the_sultans_of_swat,the_sultans_of_swat,The Sultans Of Swat,2026_the_sultans_of_swat_4272_2619_302,seth_friedman,seth_friedman,Seth Friedman,SETH FRIEDMAN,https://lvc.sportstrack.app/softball/teams/2619_302/stats?player=Seth_Friedman&rosterId=4272_2619_302
2026,2026_the_sultans_of_swat,the_sultans_of_swat,The Sultans Of Swat,2026_the_sultans_of_swat_26785_2619_302,will_zaragoza,will_zaragoza,Will Zaragoza,WILL ZARAGOZA,https://lvc.sportstrack.app/softball/teams/2619_302/stats?player=Will_Zaragoza&rosterId=26785_2619_302
2026,2026_wild_things,wild_things,Wild Things,2026_wild_things_26651_2620_302,andrew_benson,andrew_benson,Andrew Benson,ANDREW BENSON,https://lvc.sportstrack.app/softball/teams/2620_302/stats?player=Andrew_Benson&rosterId=26651_2620_302
2026,2026_wild_things,wild_things,Wild Things,2026_wild_things_26684_2620_302,david_vespole,david_vespole,David Vespole,DAVID VESPOLE,https://lvc.sportstrack.app/softball/teams/2620_302/stats?player=David_Vespole&rosterId=26684_2620_302
2026,2026_wild_things,wild_things,Wild Things,2026_wild_things_26686_2620_302,derek_lynn,derek_lynn,Derek Lynn,DEREK LYNN,https://lvc.sportstrack.app/softball/teams/2620_302/stats?player=Derek_Lynn&rosterId=26686_2620_302
2026,2026_wild_things,wild_things,Wild Things,2026_wild_things_26704_2620_302,jason_benson,jason_benson,Jason Benson,JASON BENSON,https://lvc.sportstrack.app/softball/teams/2620_302/stats?player=Jason_Benson&rosterId=26704_2620_302
2026,2026_wild_things,wild_things,Wild Things,2026_wild_things_26708_2620_302,jason_naggiar,jason_naggiar,Jason Naggiar,JASON NAGGIAR,https://lvc.sportstrack.app/softball/teams/2620_302/stats?player=Jason_Naggiar&rosterId=26708_2620_302
2026,2026_wild_things,wild_things,Wild Things,2026_wild_things_1001_2620_302,john_stefanic,john_stefanic,John Stefanic,JOHN STEFANIC,https://lvc.sportstrack.app/softball/teams/2620_302/stats?player=John_Stefanic&rosterId=1001_2620_302
2026,2026_wild_things,wild_things,Wild Things,2026_wild_things_26721_2620_302,kay_klele,kay_klele,Kay Klele,KAY KLELE,https://lvc.sportstrack.app/softball/teams/2620_302/stats?player=Kay_Klele&rosterId=26721_2620_302
2026,2026_wild_things,wild_things,Wild Things,2026_wild_things_959_2620_302,kurt_heim,kurt_heim,Kurt Heim,KURT HEIM,https://lvc.sportstrack.app/softball/teams/2620_302/stats?player=Kurt_Heim&rosterId=959_2620_302
2026,2026_wild_things,wild_things,Wild Things,2026_wild_things_26741_2620_302,matt_martino,matt_martino,Matt Martino,MATT MARTINO,https://lvc.sportstrack.app/softball/teams/2620_302/stats?player=Matt_Martino&rosterId=26741_2620_302
2026,2026_wild_things,wild_things,Wild Things,2026_wild_things_4312_2620_302,nick_catanese,nick_catanese,Nick Catanese,NICK CATANESE,https://lvc.sportstrack.app/softball/teams/2620_302/stats?player=Nick_Catanese&rosterId=4312_2620_302
2026,2026_wild_things,wild_things,Wild Things,2026_wild_things_26753_2620_302,paul_martino,paul_martino,Paul Martino,PAUL MARTINO,https://lvc.sportstrack.app/softball/teams/2620_302/stats?player=Paul_Martino&rosterId=26753_2620_302
2026,2026_wild_things,wild_things,Wild Things,2026_wild_things_26759_2620_302,rich_heim,rich_heim,Rich Heim,RICH HEIM,https://lvc.sportstrack.app/softball/teams/2620_302/stats?player=Rich_Heim&rosterId=26759_2620_302
2026,2026_wild_things,wild_things,Wild Things,2026_wild_things_26761_2620_302,rick_bernstein,rick_bernstein,Rick Bernstein,RICK BERNSTEIN,https://lvc.sportstrack.app/softball/teams/2620_302/stats?player=Rick_Bernstein&rosterId=26761_2620_302
2026,2026_wild_things,wild_things,Wild Things,2026_wild_things_2405_2620_302,ryan_stefanic,ryan_stefanic,Ryan Stefanic,RYAN STEFANIC,https://lvc.sportstrack.app/softball/teams/2620_302/stats?player=Ryan_Stefanic&rosterId=2405_2620_302
2026,2026_wild_things,wild_things,Wild Things,2026_wild_things_26775_2620_302,shaun_spielberger,shaun_spielberger,Shaun Spielberger,SHAUN SPIELBERGER,https://lvc.sportstrack.app/softball/teams/2620_302/stats?player=Shaun_Spielberger&rosterId=26775_2620_302
